"File","Locality","Site","Transect","Loc","InsularCoast","Position","Acropora cervicornis","Acropora palmata","Madracis mirabilis","Madracis sp.","Oculina diffusa","Porites porites","Porites sp.","Agaricia sp.","Dichocoenia stokesii","Meandrina meandrites","Porites astreoides","Pseudodiploria clivosa","Pseudodiploria strigosa","Other (Scleractinian plate)","Agaricia agaricites (danai)","Agaricia tenuifolia","Other (Scleractinian foliose)","Agaricia agaricites (agaricites)","Agaricia humilis","Colpophyllia natans","Diploria labyrinthiformis","Isophyllia sp.","Meandrina sp.","Montastrea cavernosa","Orbicella annularis","Orbicella faveolata","Orbicella franksi","Orbicella sp.","Porites branneri","Siderastrea radians","Siderastrea siderea","Siderastrea sp.","Solenastrea sp.","Stephanocoenia intersepta","Other (Scleractinian massive)","Dendrogyra cylindrus","Mussa angulosa","Other (Scleractinian solitary/ other)","Madracis decactis","Other (Scleractinian encrusting)","Eusmilia fastigata","Other (Scleractinian flower cup)","Briareum asbestinum","Eunicea sp.","Gorgonia sp.","Muricea sp.","Plexaura sp.","Plexaurella sp.","Pseudoplexaura sp.","Pseudopterogorgia sp.","Pterogorgia sp.","Other (Octocorals erect)","Erythropodium caribaeorum","Other (octocoral encrusting)","Millepora alcicornis","Millepora complanata","Millepora sp.","Palythoa caribbaeorum","Zoanthus sp.","Agelas sp.","Aplysina sp.","Callyspongia sp.","Cliona sp.","Desmapsamma sp.","Ircinia sp.","Mycale sp.","Niphates sp.","Other (Sponge massive)","Other (Sponge encrusting)","Aiolochroia sp.","Other (Sponge erect)","Cyanobacteria","Turf","Other (Algae)","Acetabularia","Caulerpa racemosa","Caulerpa sp.","Dictyota sp.","Galaxaura sp.","Lobophora variegata","Sargassum sp.","Ulva sp.","Ventricaria sp.","Other clorophyta (Fleshy algae)","Other (Fleshy algae)","Actinaria","Diadema antillarum","Bivalves","Spirobranchius sp.","Other polychaete","Tunicates","Other (Other invertebrates)","Biotic (unknown)","Dead calcareous algae","Dead coral","Dead octocoral","Gap","Rock","Rubble","Sand","Trash","Unknown","Artifact","Hydroidolina","Palythoa sp.","Crustose coraline","Halimeda sp.","Other (Calcareous algae)","Xetospongia sp.","Palythoa grandis","Palythoa grandiflora","Eucheuma","Clavelina sp.","Pseudodiploria sp."
"agua_t1.rndpts.csv","Los Roques","Cayo Agua","t1","LRQ","Insular","West",0,0,2.66666666666667,0,0,0,0,0,0,0,1.86666666666667,0,0,0,0,0,0,0,0.533333333333333,0,0,0,0,0.266666666666667,1.06666666666667,11.2,0,1.06666666666667,0,0,0,0,0,0,0,0,0,0,0,0,0,0,0.266666666666667,0,0,0,0,0,1.06666666666667,0,0,0,0,0,0.8,0,0,0,0,0,0,0,0,0,0,0,0,0,0,0,0,4.26666666666667,50.6666666666667,0,0,0,0,0,0,0,0,0,0,0.533333333333333,0,0,0,0,0,0,0,0,0.8,0,0,0,1.33333333333333,0,3.2,17.6,0,0,0.533333333333333,0,0,0.266666666666667,0,0,0,0,0,0,0,0
"agua_t2.rndpts.csv","Los Roques","Cayo Agua","t2","LRQ","Insular","West",0,0,5.6,0,0,0,0,0,0,0,0.266666666666667,0,0,0,0,0,0,0,0,0.533333333333333,0,0,0,0,10.4,5.33333333333333,0,0,0,0,0,0,0,0,0,0,0,0,2.13333333333333,0,0.533333333333333,0,0,0,0,0,0.8,0,1.06666666666667,0.266666666666667,0,0,0,0,0.8,0,0,0,0,0,0,0,0,0,0,0.533333333333333,0,0,0.266666666666667,0,0.266666666666667,1.86666666666667,39.2,0,0,0,0,0,0,0,0,0,0,0,0.266666666666667,0,0,0,0,0,0,0,0,0,0,0,4.26666666666667,0,14.6666666666667,1.33333333333333,0,0,0,0,0,7.2,0,2.4,0,0,0,0,0,0
"agua_t3.rndpts.csv","Los Roques","Cayo Agua","t3","LRQ","Insular","West",0.266666666666667,0,24.8,0,0,0,0,0,0,0,0,0,0,0,0,0,0,0,0,2.66666666666667,0,0,0,0,10.4,6.4,0,0,0,0,0,0,0,0,0,0,0,0,0,0,0,0,2.13333333333333,0,0,0,0,0,1.06666666666667,0,0,0,0,0,0.8,0,0,0,0,0,0,0,0,0,0,0,0,0,0,0,0,3.73333333333333,32.5333333333333,0,0,0,0,0,0,0,0,0,0,0,0,0,0,0,0,0,0,0,1.06666666666667,0,0,0,0.533333333333333,0,12.2666666666667,1.06666666666667,0,0,0,0,0,0.266666666666667,0,0,0,0,0,0,0,0
"agua_t4.rndpts.csv","Los Roques","Cayo Agua","t4","LRQ","Insular","West",0.266666666666667,0.266666666666667,12.2666666666667,0.266666666666667,0,0,0,0,0,0,0,0,0,0,0,0,0,0,0,0.533333333333333,0,0,0,0,6.4,4.8,0,0.533333333333333,0,0,0,0,0,0,0,0,0,0,2.13333333333333,0,0,0,0.266666666666667,0,0,0,1.6,0.8,0,0,0,0.533333333333333,0,0,0.266666666666667,0,0,1.6,0,0,0,0,0,0,0,0,0,0,0,0,0.266666666666667,0,21.3333333333333,0,0,0,0,0,0,0,0,0,0,0,0.266666666666667,0,0,0,0,0,0,0,0,0,0,0,0,0,37.8666666666667,7.73333333333333,0,0,0,0,0,0,0,0,0,0,0,0,0,0
"agustin_t1.rndpts.csv","Mochima","San Agustin","t1","MOC","Continental","East",0,0,0,0,0,0,0,0,0,0,0,0,0,0,0,0,0,0,0,0,0,0,0,0,0,0,0,0,0,0,0,0,0,0,0,0,0,0,0,0,0,0,0,0,0,0,0,0,0,0,0,0,0,0,29.3159609120521,0,0,0,0,0,0,0,0,0.977198697068404,0.325732899022801,0,0,0,0.651465798045603,2.93159609120521,1.30293159609121,1.62866449511401,43.3224755700326,0,0,0,0,0,0,0,0,0,0,0,0,0.325732899022801,0,0,0,0,0,0,0,0,0,0,0,0,0,18.5667752442997,0,0.651465798045603,0,0,0,0,0,0,0,0,0,0,0,0
"agustin_t2.rndpts.csv","Mochima","San Agustin","t2","MOC","Continental","East",0,0,0,0,0,0,0,0,0,0,0,0,0,0,0,0,0,0,0,0,0,0,0,0,0,0,0,0,0,0,0,0,0,0,0,0,0,0,0,0,0,0,0,0,0,0,0,0,0,0,0,0,0,0,4.08163265306122,0,0,0,0,0,0,0,0,1.22448979591837,0.408163265306122,0,0,0,0,2.04081632653061,0,0,67.3469387755102,0,0,0,0,0,0,0,0,0,0,0,0,0.408163265306122,0,0,0,0,0,0,0,0,0,0,0,0,0,24.4897959183673,0,0,0,0,0,0,0,0,0,0,0,0,0,0
"agustin_t3.rndpts.csv","Mochima","San Agustin","t3","MOC","Continental","East",0,0,0,0,0,0,0,0,0,0,0,0,0,0,0,0,0,0,0,0,0,0,0,0.359712230215827,0,0,0,0,0,0,0,0,0,0,0,0,0,0,0,0,0,0,0,0,0,0,0,0,0,0,0,0,0,0,2.51798561151079,0,0,0,0,0,0,0,0,0,0,0,0,0.359712230215827,0,0.359712230215827,8.27338129496403,0,69.4244604316547,0,0,0,0,0,0,0,0,0,0,0,0,0,0,0,0,0,0,0,0.359712230215827,0,0,0,0,0,0,17.6258992805755,0,0,0.719424460431655,0,0,0,0,0,0,0,0,0,0,0
"agustin_t4.rndpts.csv","Mochima","San Agustin","t4","MOC","Continental","East",0,0,0,0,0,0,0,0,0,0,0,0,0,0,0,0,0,0,0,0,0,0,0,0,0,0,0,0,0,0,0,0,0,0,0,0,0,0,0,0,0,0,0,0,0,0,0,0,0,0,0,0,0,0,0,0,0,0,0,0,0,0,0,0,0.970873786407767,0,0,1.94174757281553,0,2.9126213592233,2.9126213592233,0,41.747572815534,0,0,0,0,0,0,0,0,0,0,0,0,0,0,0,0,0,0,0,0,0,0,0,0,0,0,42.7184466019417,0,0.970873786407767,5.8252427184466,0,0,0,0,0,0,0,0,0,0,0
"blanca_t1.rndpts.csv","Mochima","Blanca","t1","MOC","Continental","East",0,0,0,0,0,0,0,0,1.39664804469274,0.837988826815642,0,0,2.79329608938547,0,0,0,0,0,0,11.4525139664804,0,0,0,1.11731843575419,0,0,0,0,0,0,0.279329608938547,0,0,0,0.279329608938547,0,0,0,0,0,0,0,0,0,0,0,0,0,0,0,0,0,0,0,18.7150837988827,0,0,0,0,0,0,0.279329608938547,0,0,0,0,0,0.558659217877095,0.279329608938547,0,0,6.42458100558659,35.195530726257,0.279329608938547,0,0,0,0,0,0,0,0,0,0,0,0.279329608938547,0,0,3.07262569832402,0.558659217877095,0,0,0.279329608938547,0,0,0,0,0,0,13.4078212290503,0,0,0.279329608938547,0,0,2.23463687150838,0,0,0,0,0,0,0,0
"blanca_t2.rndpts.csv","Mochima","Blanca","t2","MOC","Continental","East",0,0,0,0,0,0,0,0,1.38888888888889,0,0.555555555555556,0,6.11111111111111,0,0,0,0,0,0,12.7777777777778,0,0,1.66666666666667,1.11111111111111,0,0,0,0,0,0.277777777777778,0.833333333333333,0,0,0.555555555555556,0,0,0,0,0,0,0,0,0,0,0,0,0,0,0,0,0,0,0,0,19.7222222222222,0,0,0,0,0,0,0,0,0,0,0,0,0,0,0,0.277777777777778,3.88888888888889,27.7777777777778,0,0,0,0,0,0,0,0,0,0,0,0,0.555555555555556,0,0,1.66666666666667,0,0,0,0.555555555555556,0,0,0,0,0,0,9.72222222222222,0,0,0.833333333333333,0,0,9.72222222222222,0,0,0,0,0,0,0,0
"blanca_t3.rndpts.csv","Mochima","Blanca","t3","MOC","Continental","East",0,0,0,0,0,0,0,0,0,0,0.277777777777778,0,5,0,0,0,0,0,0,11.1111111111111,0,0,0,2.22222222222222,0,0,0,0,0,0,0,0,0,0,0.277777777777778,0,0,0,0,0,0,0,0,0,0,0,0,0,0,0,0,0,0,0,26.3888888888889,0,0,0,0,0,0,0,0,0,0,0,0,0,0,0,0.833333333333333,3.33333333333333,24.4444444444444,0.555555555555556,0,0,0,0,0,0,0,0,0,0,0,0.277777777777778,0,0,2.5,0,0,0,0.277777777777778,0,0,0,0,0,0,3.88888888888889,0,0,1.66666666666667,0,0,16.9444444444444,0,0,0,0,0,0,0,0
"blanca_t4.rndpts.csv","Mochima","Blanca","t4","MOC","Continental","East",0,0,0,0,0,0,0,0,0.544959128065395,0,0.272479564032698,0,7.08446866485014,0,0,0,0,0,0,15.8038147138965,0,0,0,0.817438692098093,0,0,0,0,0,0,0,0,0,0,0,0,0,0,0,0,0,0,0,0,0,0,0,0,0,0,0,0,0,0,25.6130790190736,0,0,0,0,0,0,0,0,0,0,0,0,0.272479564032698,0,0,0,1.36239782016349,28.6103542234332,0,0,0,0,0,0,0,0,0,0,0,0,0.272479564032698,0,0,0.817438692098093,0,0,0,0.272479564032698,0,0,0,0,0,0,7.62942779291553,0,0,0.817438692098093,0,0,9.80926430517711,0,0,0,0,0,0,0,0
"bs_t1.rndpts.csv","Morrocoy","Boca Seca","t1","MOR","Continental","West",0,0,0,0,0,0,0,0,0,0,1.15606936416185,0,0.289017341040462,0,0,0,0,0,0.289017341040462,1.73410404624277,0,0,0,0,0,0,0,0,0,0,0,0,0,0,0,0,0,0,0,0,0,0,0,0,0,0,0,0,0,0,0,0,1.73410404624277,0,0,0,0,0.289017341040462,0,0,0,0,0,0,0,0,0,0,0,0,0,0,71.0982658959538,0,0,0,0,10.6936416184971,0,0,0,0,0,0,0,0,0,0,0,0,0,0,0.289017341040462,0,0,0,0,0,4.33526011560694,7.22543352601156,0,0,0.578034682080925,0,0,0.289017341040462,0,0,0,0,0,0,0,0
"bs_t2.rndpts.csv","Morrocoy","Boca Seca","t2","MOR","Continental","West",0,0,0,0,0,0,0,0,0,0,0.268096514745308,0,0,0,0,0,0,0,0.268096514745308,0,0,0,0,0,0,0,0,0,0,0,0,0,0.268096514745308,0,0,0,0,0,0,0,0,0,0,0,0,0,0,0,0,0,0,0,0.804289544235925,0,0.804289544235925,0,0,1.07238605898123,0,0,0,0,0,0,0,0,0,0,0,0,0,0,73.1903485254692,0,0,0,0,18.4986595174263,0,0,0,0,0,0,0,0,0,0,0,0,0,0,0,0,0,0,0,0,4.55764075067024,0,0,0,0,0,0,0.268096514745308,0,0,0,0,0,0,0,0
"bs_t3.rndpts.csv","Morrocoy","Boca Seca","t3","MOR","Continental","West",0,0,0,0,0,0.274725274725275,0,0.274725274725275,0,0,0.274725274725275,0,0.549450549450549,0,0,0,0,0,0,0,0,0,0,0,0,3.02197802197802,0,0,0,0,0,0,0,0,0,0,0,0,0,0,0,0,0,0,0,0,0,0,0.549450549450549,0,0,0.274725274725275,0.549450549450549,0,0.549450549450549,0.274725274725275,0,5.49450549450549,0,0,0,0,0,0,0,0,0,0,0,0,0,0,73.9010989010989,0,0,0,0,0.274725274725275,0,0,0,0,0,0,0,0,0,0,0,0,0,0,0,0,0,0,0,0,0,0,0,0.549450549450549,0.274725274725275,0,0,12.9120879120879,0,0,0,0,0,0,0,0
"bs_t4.rndpts.csv","Morrocoy","Boca Seca","t4","MOR","Continental","West",0,0,0,0,0,0,0,0,0,0,0,0,0,0,0,0,0,0,0.268096514745308,0,0,0,0,0,0,0.536193029490617,0,0,0,0,0,0,0,0,0,0,0,0,0,0,0,0,0,0,0,0,0,0,6.4343163538874,0,0,0,8.57908847184987,0,1.60857908847185,0.804289544235925,0,15.5495978552279,0,0,0,0,0,0,0,0,0,0,0.536193029490617,0,0,0,52.2788203753351,0,0,0,0,0.536193029490617,0,0,0,0,0,0,0,0,0,0,0,0,0,0,0.268096514745308,0,0,0,0,0,0,0,0,0,1.07238605898123,0,0,11.5281501340483,0,0,0,0,0,0,0,0
"caiman_t1.rndpts.csv","Morrocoy","Bajo Caiman","t1","MOR","Continental","West",0,0,0,0,0,0,0,0,0,0,0,0,0,0,0,0,0,0,0,1.36986301369863,0,0,0,0,0.273972602739726,0.273972602739726,0,0,0,0,0,0,0,0,0,0,0,0,0,0,0,0,16.1643835616438,0,0,0,0,0,0.821917808219178,6.3013698630137,0,1.64383561643836,11.5068493150685,0,1.64383561643836,0,0,0,0,0,0,0,0,0,0,0,0,0.821917808219178,0,0,0,0.273972602739726,7.94520547945205,0,0,0,0,0,0,0,0,0,0,0,0,0,0,0,0,0,0,0,0.547945205479452,0,0,0,0,0,0,50.1369863013699,0,0,0.273972602739726,0,0,0,0,0,0,0,0,0,0,0
"caiman_t2.rndpts.csv","Morrocoy","Bajo Caiman","t2","MOR","Continental","West",0,0,0,0,0,0,0,0,0,0,0,0,0,0,0,0,0,0,0,0,0,0,0,0,0,0.546448087431694,0,0,0,0,0,0,0,0,0,0,0,0,0,0,0,0,8.7431693989071,0.546448087431694,0,0,0,0,7.37704918032787,16.9398907103825,0,0,7.10382513661202,0,2.18579234972678,0,0,0,0,0,0,0.273224043715847,0,0,0,0,0,0,0.273224043715847,0,0,0,6.28415300546448,0,0,0,0,0,0,0,0,0,0,0,0,0,0,0,0,0,0,0,1.36612021857923,0,0,0,0,0,2.18579234972678,45.6284153005465,0,0,0,0,0,0.546448087431694,0,0,0,0,0,0,0,0
"caiman_t3.rndpts.csv","Morrocoy","Bajo Caiman","t3","MOR","Continental","West",0,0,0,0,0,0,0.266666666666667,0,0,0,0.8,0,0,0,0,0,0,0,0,0,0,0,0,0,0.533333333333333,1.06666666666667,0,0,0,0,0,0,0,0,0,0,0,0,0,0,0,0,0,0,0,0,2.13333333333333,0,0.533333333333333,0,3.2,0,17.0666666666667,0,12,0,0.8,3.46666666666667,0,0,0,0.266666666666667,0,0,0,0,0,0.266666666666667,0.8,0,0,0.533333333333333,44.8,0,0,0,0,0,0,0,0,0,0,0,0.8,0,0,0,0,0,0,0,0.8,0,0,0,0,0,1.06666666666667,8.53333333333333,0,0,0.266666666666667,0,0,0,0,0,0,0,0,0,0,0
"caiman_t4.rndpts.csv","Morrocoy","Bajo Caiman","t4","MOR","Continental","West",0,0,0,0,0,0,0,0,0,0,3.46666666666667,0,0,0,0,0,0,0,0,0,0,0,0,0,0,0.533333333333333,0,0,0,0,0,0,0,0,0,0,0,0,0,0,0,0,0.533333333333333,0.266666666666667,0,0,1.6,0.533333333333333,0.266666666666667,2.13333333333333,0,1.06666666666667,28.8,0,5.33333333333333,0,0,1.06666666666667,0,0.266666666666667,0,0.266666666666667,0,0,0,0,0,0,0,0,0.266666666666667,0,35.7333333333333,1.06666666666667,0,0,0,7.46666666666667,0,0,0,0,0,0,2.13333333333333,0,0,0,0,0,0,0,1.33333333333333,0,0,0,0.266666666666667,0,2.93333333333333,2.4,0,0,0,0,0,0.266666666666667,0,0,0,0,0,0,0,0
"carabela_t1.rndpts.csv","Mochima","Carabela","t1","MOC","Continental","East",0,0,0,0,0,0,0,0,0,0,0,0,0,0,0,0,0,0,0,0,0,0,0,0,0,0,0,0,0,0,0,0,0,0,0,0,0,0,0,0,0,0,0,0,0,0,0,0,0,0,0,0,0,0,8.46994535519126,0,0,0,0,0,0,0,0,0,0,0,0,0,0,0,0,0,43.7158469945355,0,0,0,0,0,0,0,0,0,0,0,0,0,0,0,7.10382513661202,1.91256830601093,0,0,0,0,0,0,0,0,0.546448087431694,36.8852459016393,0,0.273224043715847,0,0,0,1.09289617486339,0,0,0,0,0,0,0,0
"carabela_t2.rndpts.csv","Mochima","Carabela","t2","MOC","Continental","East",0,0,0,0,0,0,0,0,0,0,0,0,0,0,0,0,0,0,0,0,0,0,0,0.278551532033426,0,0,0,0,0,0,0,0,0,0,0,0,0,0,0,0,0,0,0,0,0,0,0,0,0,0,0,0,0,0,15.3203342618384,0,0,0,0,0,0,0,0,0,0,0,0,0,0.278551532033426,0,0,0,36.7688022284123,0,0,0,0,0,0,0,0,0,0,0,0,0,0,0.278551532033426,4.73537604456825,1.67130919220056,0,0,0,0,0,0,0,0,3.89972144846797,36.4902506963788,0,0.278551532033426,0,0,0,0,0,0,0,0,0,0,0,0
"carabela_t3.rndpts.csv","Mochima","Carabela","t3","MOC","Continental","East",0,0,0,0,0,0,0,0,0,0,0,0,0,0,0,0,0,0,0,3.55191256830601,0,0,0,0,0,0,0,0,0,0,0,0,0,0,0,0,0,0,0,0,0,0,0,0,0,0,0,0,0,0,0,0,0,0,13.1147540983607,0,0,0,0,0,0,0,0,0,0,0,0,0.273224043715847,0.273224043715847,0,0.273224043715847,0,36.0655737704918,0,0,0,0,0,0,0,0,0,0,0,0,0,0,0,2.73224043715847,1.91256830601093,0,0,0,0,0,0,0,0,2.73224043715847,38.7978142076503,0,0,0.273224043715847,0,0,0,0,0,0,0,0,0,0,0
"carabela_t4.rndpts.csv","Mochima","Carabela","t4","MOC","Continental","East",0,0,0,0,0,0,0,0,0,0,0,0,0,0,0,0,0,0,0,0,0,0,0,0,0,0,0,0,0,0,0,0,0,0,0,0,0,0,0,0,0,0,0,0,0,0,0,0,0,0,0,0,0,0,34.1333333333333,0,0,0,0,0,0,0,0,0,0,0,0,0.266666666666667,0,0,0.266666666666667,0,28,0,0,0,0,0,0,0,0,0,0,0,0,0,0,0,6.93333333333333,0.533333333333333,0,0,0,0,0,0,0,0,5.6,23.4666666666667,0,0.266666666666667,0.533333333333333,0,0,0,0,0,0,0,0,0,0,0
"charagato_t1.rndpts.csv","Cubagua","Charagato","t1","CUB","Insular","East",0,0,0,0,0.266666666666667,0,0,0,0,0,0,0,0,0,0,0,0,0,0,0.8,0,0,0,0,0,0,0,0,0,0,0,0,0,0,0,0,0,0,0,0,0,0,0,0,0,0,0,0,0,45.0666666666667,0,0,0,0,15.2,0,0,0,0,0,0,0,0,0,0,0,0,0,0.266666666666667,0,0,0,1.86666666666667,0,0,0,0,0,0,0,0,0,0,0,0.8,0,0,0,0,0,0,0,0,0,0,1.86666666666667,0,0,0,30.1333333333333,0,0,0,0,0,0,0,0,0,0,0,3.73333333333333,0,0
"charagato_t2.rndpts.csv","Cubagua","Charagato","t2","CUB","Insular","East",0,0,0,0,0,0,0,0,0,0,0,0,0,0,0,0,0,0,0,0,0,0,0,0,0,0,0,0,0,0,0,0,0,0,0,0,0,0,0,0,0,0,0,0,0,0,0,0,0,60,0,0,0,0,6.13333333333333,0,0,0,0,0,0,0,0,0,0,0,0,0.8,0,0,0,0,2.13333333333333,0,0,0,0,0,0,0,0,0,0,0,0,0,0,0,0,0,0,0,1.06666666666667,0,0,0,0,0,2.4,27.4666666666667,0,0,0,0,0,0,0,0,0,0,0,0,0,0
"charagato_t3.rndpts.csv","Cubagua","Charagato","t3","CUB","Insular","East",0,0,0,0,0,0,0,0,0,0,0,0,1.06666666666667,0,0,0,0,0,0,10.1333333333333,0,0,0,0,0,0,0,0,0,0,0.533333333333333,0,0,0,0,0,0,0,0,0,0,0,0,0,0,0,0,0,0,20.8,1.33333333333333,0.266666666666667,0,0,10.1333333333333,0,0,0,0,0,0,0,0,0,0,0,0,0.533333333333333,0,0,0,0,23.7333333333333,0,0,0,0,0,0,0,0,0,0,0,2.66666666666667,0,0,0,0.266666666666667,0.266666666666667,0,0,2.4,0,0.266666666666667,0.533333333333333,0,0,1.33333333333333,23.4666666666667,0,0,0.266666666666667,0,0,0,0,0,0,0,0,0,0,0
"charagato_t4.rndpts.csv","Cubagua","Charagato","t4","CUB","Insular","East",0,0,0,0,0,0,0,0,0,0,0,0,0,0,0,0,0,0,0,2.66666666666667,0,0,0,0,0,0,0,0,0,0,0,0,0,0,0,0,0,0,0,0,0,0,0,0,0,0,0,0,0,41.8666666666667,0,0.533333333333333,0,0,0.266666666666667,0,0,0,0,0,0.266666666666667,0,0,0,0,0,0,0.533333333333333,0.266666666666667,0,0.266666666666667,0.266666666666667,2.4,0,0,0,0,0,0,0,0,0,0,0,0,0,0,0,0,0,0,0,0.533333333333333,0,0,0.266666666666667,0,0,0,49.6,0,0,0.266666666666667,0,0,0,0,0,0,0,0,0,0,0
"cienaga_este_t1.rndpts.csv","Ocumare","Cienaga este","t1","OCU","Continental","Center",0,0,0,0,0,0,0,0,0,0,0.8,0,0,0,0,0,0,0,0,0,0,0,0,0,2.93333333333333,12.2666666666667,0,0,0,0,0.533333333333333,0,0,0,0,0,0,0,0,0,0,0,0,0,0,0,0,0,0,0,0,0,0,0,0,0,0,0,0,0,0,0,0,0,0,0,0,0.266666666666667,0,0,0,0,77.8666666666667,0,0,0,0,0,0,0,0,0,0,0,2.4,0,0,0,0,0,0,0,0,0,0,0,0,0,0,2.93333333333333,0,0,0,0,0,0,0,0,0,0,0,0,0,0
"cienaga_este_t2.rndpts.csv","Ocumare","Cienaga este","t2","OCU","Continental","Center",0,0,0,0,0,0,0,0,0,0.266666666666667,3.46666666666667,0,0,0,0,0,0,0,0,0,0,0,0,1.06666666666667,0,9.33333333333333,0,0,0,0,0,0,0,0,0,0,0,0,0,0,0,0,0,0,0,0,0,0,0,0,0,0,0.266666666666667,0,0.266666666666667,0,0,0,0,0,0,0,0,0,0,0,0,0,0.533333333333333,0,0,0.266666666666667,64.8,6.66666666666667,0,0,0,0.533333333333333,0,0,0,0,0,0,0,0,0,0,0,0,0,0,0,0,0,0,0.266666666666667,0,4,8.26666666666667,0,0,0,0,0,0,0,0,0,0,0,0,0,0
"cienaga_este_t3.rndpts.csv","Ocumare","Cienaga este","t3","OCU","Continental","Center",0,0,0,0,0,0,0,0,0,0,0.8,0,0.266666666666667,0,0,0,0,0,0,0,0,0,0,0,0,13.3333333333333,0,0,0,0,0,0,0,0,0.266666666666667,0,0,0,0,0,0,0,0,0,0,0,0,0,0,0,0,0,0,0,0,0,0,0,0,0,0,0,0,0,0,0,0,0,0,0,0,0,73.3333333333333,0,0,0,0,0,0,0,0,0,0,2.13333333333333,0,0,0,0,0,0,0,0,0,0,0,0,0,0,4.26666666666667,5.6,0,0,0,0,0,0,0,0,0,0,0,0,0,0
"cienaga_este_t4.rndpts.csv","Ocumare","Cienaga este","t4","OCU","Continental","Center",0,0,0.533333333333333,0,0,0,0,0,0,0,0.266666666666667,0,0,0,0,0,0,0,0,0,0,0,0,0,4.53333333333333,5.86666666666667,0,1.06666666666667,0,0,0,0,0,0,0,0,0,0,0,0,0,0,0,0,0.266666666666667,0,0,0,0,0,0,0,0,0,0.266666666666667,0,0,0,0,0,0,0,0,0,0,0,0,0,0,0,0,0,62.9333333333333,0,0,0,0,0,0,0,0,0,0,0,24.2666666666667,0,0,0,0,0,0,0,0,0,0,0,0,0,0,0,0,0,0,0,0,0,0,0,0,0,0,0,0,0
"cienaga_interno_t1.rndpts.csv","Ocumare","Cienaga interno","t1","OCU","Continental","Center",0,0,0,0,0,0,0,0,0,0,0,0,0,0,0,0,0,0,0,5.33333333333333,0.533333333333333,0,0,0.533333333333333,0,3.2,0,0,0,0,1.06666666666667,0,0,0,0,0,0,0,0,0,0,0,0,1.06666666666667,0,0,0,0,2.66666666666667,0.8,0,0,0.533333333333333,0,2.4,0.266666666666667,0,0.266666666666667,0,0,0,0,0,0,0,0,0,0,0,0,0,0,34.6666666666667,0,0,0,0,0,0,0,0,0,0,0,0,0,0,0,0,0,0,0,3.46666666666667,0,0,0.533333333333333,1.6,0,0,40.5333333333333,0,0,0,0,0.533333333333333,0,0,0,0,0,0,0,0,0
"cienaga_interno_t2.rndpts.csv","Ocumare","Cienaga interno","t2","OCU","Continental","Center",0,0,0,0,0,0,0,0,0,0,1.33333333333333,0,1.06666666666667,0,0,0,0,0.266666666666667,0,4,0,0,0,2.13333333333333,0,10.1333333333333,0,0,0,0,0,0,0,0,0,0,0,0,0,0,0,0,0,0,0,0,0,0,0,0,0,0.266666666666667,3.46666666666667,0,11.7333333333333,0.533333333333333,0,0,0,0,0,0,0,0,0,0,0,0,0,0,0,0.266666666666667,34.9333333333333,0,0,0,0,0,0,0,0,0,0,0,2.13333333333333,0,0,0,0,0,0,0,0,0,0,0,0,0,0.533333333333333,26.9333333333333,0,0,0,0.266666666666667,0,0,0,0,0,0,0,0,0,0
"cienaga_interno_t3.rndpts.csv","Ocumare","Cienaga interno","t3","OCU","Continental","Center",0,0,0,0,0,0,0,0,0,0,0.266666666666667,0,3.73333333333333,0,0,0,0,0,0.266666666666667,8.26666666666667,0,0,0,2.66666666666667,0,9.33333333333333,0,0,0,0,0,0,0,0,0,0,0,0,0,0,0,0,0,0,0,0,0,0,1.86666666666667,1.33333333333333,0,0,3.46666666666667,0,1.06666666666667,0,0,0,0,0,0,0,0,0,0.533333333333333,0,0,0,0.266666666666667,0,0,0,22.1333333333333,0,0,0,0,0,0,0,0,0,0,0,0,0,0,0,0,0,0,0,0,0,0,0,0,0,0,44.8,0,0,0,0,0,0,0,0,0,0,0,0,0,0
"cienaga_interno_t4.rndpts.csv","Ocumare","Cienaga interno","t4","OCU","Continental","Center",0,0,0,0,0,0,0,0,0,0,3.46666666666667,0,0.266666666666667,0,0,0.266666666666667,0,0,0,5.6,0,0,0,1.86666666666667,0,6.13333333333333,0,0,0,0.266666666666667,0,0,0,0,0.266666666666667,0,0,0,0,0,0,0,0,0,0,0,0.266666666666667,0,5.6,1.6,0,1.6,5.86666666666667,0,5.33333333333333,0,0,0,0,0,0,0,0,0,0,0,0,0.533333333333333,0.266666666666667,0,0,0,49.3333333333333,0,0,0,0,0,0,0,0,0,0,0,9.06666666666667,0,0,0,0,0,0,0,0.533333333333333,0,0,0,0,0,0,1.06666666666667,0,0,0.8,0,0,0,0,0,0,0,0,0,0,0
"cienaga_oeste_t1.rndpts.csv","Ocumare","Cienaga oeste","t1","OCU","Continental","Center",0,0,0,0,0,0,0,0,0,0,0.533333333333333,0,1.33333333333333,0,0,0,0,0.266666666666667,0,5.6,0,0,0,0.8,0,6.13333333333333,0,0,0,0,1.6,0.266666666666667,0,0,0,1.06666666666667,0,0,0.533333333333333,0,0,0,3.46666666666667,0,0,0,4.8,0,1.06666666666667,0,0,0,2.66666666666667,0,1.6,0,0,8,0,0,0,0,0,0,0,0,0,0,0,0,0,0,53.6,0,0,0,0,0,0,0,0,0,0,0,0,0,0,0,0,0,0,0,0,0,0,0,0.266666666666667,0,0.533333333333333,5.86666666666667,0,0,0,0,0,0,0,0,0,0,0,0,0,0
"cienaga_oeste_t2.rndpts.csv","Ocumare","Cienaga oeste","t2","OCU","Continental","Center",0,0,0,0,0,0,0,0,0,0,0.266666666666667,0,0.533333333333333,0,0,0,0,0,0,2.13333333333333,0,0,0,2.66666666666667,0,0.266666666666667,0,0,0,0,1.6,0,0,0,0,0,0,0,0,0,0,0,0,1.6,0,0,0.533333333333333,0,0,0,0,0,2.66666666666667,0,0.533333333333333,0,0,0.8,0,0,0,0,0,0,0,0,0,0.533333333333333,0,0,0,0,76,0,0,0,0,0,0,0,0,0,0,0,0,0,0,0,0,0,0,0,0.266666666666667,0,0,0,0,0,0,9.33333333333333,0,0,0.266666666666667,0,0,0,0,0,0,0,0,0,0,0
"cienaga_oeste_t3.rndpts.csv","Ocumare","Cienaga oeste","t3","OCU","Continental","Center",0,0,0,0,0,0,0,0,0,0,0.266666666666667,0,0,0,0,0,0,0,0,9.33333333333333,0,0,0,0,0,0.8,0,0,0,0,0,0,0,0,0,0,0,0,0,0,0,0,0,0,0,0,2.93333333333333,0,2.13333333333333,8,0,0,0,0,0,0,0,0,0,0,0,0,0,0,0,0,0,0.266666666666667,0,0,0.266666666666667,0,21.8666666666667,0,0,0,0,0,0,0,0,0,0,0,0,0,0,0,0,0,0,0,0,0,0,0,0,0,0,54.1333333333333,0,0,0,0,0,0,0,0,0,0,0,0,0,0
"cienaga_oeste_t4.rndpts.csv","Ocumare","Cienaga oeste","t4","OCU","Continental","Center",0,0,0,0,0,0,0,0,0,0,1.06666666666667,0,0.266666666666667,0,0,0,0,0,0.266666666666667,5.86666666666667,0,0,0,0.533333333333333,0,10.9333333333333,0,0,0,0,0,0,0,0,0,1.6,0,0,0,0,0,0,0.266666666666667,0,0,0,2.93333333333333,0,4.26666666666667,0,0,0.8,0,0,4.53333333333333,0,0,1.33333333333333,0,0,0,0,0,0,0,0,0,1.33333333333333,0,0,0,0,50.1333333333333,0,0,0,0,0,0,0,0,0,0,0,0.266666666666667,0,0,0,0,0,0,0,0,0,0,0,0,0,0.8,12.8,0,0,0,0,0,0,0,0,0,0,0,0,0,0
"cominoto_t1.rndpts.csv","Los Frailes","Cominoto","t1","LFR","Insular","East",0,0,0,0,0,0,0,0,0,0,0,0,12.2857142857143,0,0,0,0,0,0,0,0,0,0,0,0,0,0,0,0,0,0,0,0,0,0,0,0,0,0,0,0,0,0,0,0,0,3.71428571428571,0.285714285714286,2.57142857142857,0,0,0.571428571428571,0,0,1.42857142857143,0,0,0,0,0,0,0,0,0.285714285714286,0,0,0,0,0,0,0,9.42857142857143,28.2857142857143,0,0,0,0.285714285714286,2.28571428571429,0,0,0,0,0,0.857142857142857,1.14285714285714,0,0,0,0,0,0,0,0.571428571428571,0,0,0,0,0,0,34,0,0,0,0,0,0,0,0,0,0,0,0,2,0
"cominoto_t2.rndpts.csv","Los Frailes","Cominoto","t2","LFR","Insular","East",0,0,0,0,0,0,0,0,0,0,1.06666666666667,0,2.4,0,0,0,0,0,0,0,0,0,0,0,0,0,0,0,0,0,0,0,0,0,0,0,0,0,0,0,0,0,0,0,0,0,25.6,0,3.46666666666667,0.533333333333333,0,0,0,0,3.46666666666667,1.86666666666667,0,0.8,0,0,0,0,0,0,0,0,0,0.533333333333333,0,0,0,2.13333333333333,27.2,0,0,0,0,0.266666666666667,0,0,0,0,0,0,0.533333333333333,0,0,0,0,0,0.533333333333333,0,2.4,0,0,0.533333333333333,0,0,1.06666666666667,25.0666666666667,0,0,0.266666666666667,0,0,0,0,0,0.266666666666667,0,0,0,0,0
"cominoto_t3.rndpts.csv","Los Frailes","Cominoto","t3","LFR","Insular","East",0,0,0,0,0,0,0,0,0,0,0.266666666666667,0,4,0,0,0,0,0,0,0,0,0,0,0,0,0,0,0,0,0,0,0,0,0,0,0,0,0,0,0,0,0,0,0.8,0,0,24.8,0,1.33333333333333,7.73333333333333,0,1.06666666666667,0,0,12.8,0,0,0,0,0,0,0,0,0,0,0,0,0.266666666666667,2.13333333333333,0,0,2.93333333333333,30.1333333333333,0,0,1.33333333333333,0,0,0,0,0,0,0,0.266666666666667,0,0,0,0,0,0,0.533333333333333,0,0.266666666666667,0,0,0,0.266666666666667,0,0,8.53333333333333,0,0,0.266666666666667,0,0,0,0,0,0,0,0,0,0.266666666666667,0
"cominoto_t4.rndpts.csv","Los Frailes","Cominoto","t4","LFR","Insular","East",0,0,0,0,0,0,0,0,0,0,0,0,5.06666666666667,0,0,0,0,0,0,0,0,0,0,0,0,0,0,0,0,0,0,0,0,0,0,0,0,0,0,0,0,0,0,0.8,0,0,6.4,0.533333333333333,6.13333333333333,3.2,0,1.06666666666667,0,0,1.86666666666667,0,0,0,0,0,0,0,0,0,0,0,0,0,0.266666666666667,0,0,1.33333333333333,33.0666666666667,0,0,0,0,2.4,0,0,0,0,0,0.8,0.266666666666667,0,0,0,0,0,1.33333333333333,0,1.33333333333333,0,0,0.266666666666667,0,0,1.6,32,0,0,0,0.266666666666667,0,0,0,0,0,0,0,0,0,0
"conejo_t1.rndpts.csv","Cubagua","Punta Conejo","t1","CUB","Insular","East",0,0,0,0,0,0,0,0,0,0,0.284090909090909,0,10.5113636363636,0,0,0,0,0,0,0,0,0,0,0,0,0,0,0,0,0,0.284090909090909,0,0,0,0,0,0,0,0,0,0,0,0,0,0,0,0,0,0,0,0,0,0,0,0,0,0,0,1.13636363636364,0.284090909090909,0,0,0,0,0,0,0,5.39772727272727,5.11363636363636,0,0,1.13636363636364,32.6704545454545,0,0,0,0,0.568181818181818,0,0,0,11.0795454545455,0,0.852272727272727,18.4659090909091,0,0,0,0,0,0,0,3.40909090909091,0,0,0,0.284090909090909,0,0,7.95454545454545,0,0,0.284090909090909,0,0,0,0,0.284090909090909,0,0,0,0,0,0
"conejo_t2.rndpts.csv","Cubagua","Punta Conejo","t2","CUB","Insular","East",0,0,0,0,0.266666666666667,0,0,0,0,0,0,0,0,0,0,0,0,0,0,0,0,0,0,0,0,0,0,0,0,0,0,0,0,0,0,0,0,0,0,0,0,0,0,0,0,0,0,0,0,6.13333333333333,0,0,0,0,0,0,0,0,0,0,0,0,0,0,0,0,0,2.66666666666667,4,0,0,0,17.0666666666667,0,0,0,0,0.533333333333333,0,0,0.266666666666667,26.1333333333333,0,0.266666666666667,0,0,0,0,0,0,0.266666666666667,0,0.266666666666667,0,0,0,0,0,0,41.6,0,0,0,0,0,0,0,0,0,0,0.533333333333333,0,0,0
"conejo_t3.rndpts.csv","Cubagua","Punta Conejo","t3","CUB","Insular","East",0,0,0,0,0,0,0,0,0,0,0,0,0.533333333333333,0,0,0,0,0,0,0,0,0,0,0,0,0,0,0,0,0,0,0,0,0,0,0,0,0,0,0,0,0,0,0,0,0,0,0,0,0,0,0,0,0,0,0,0,2.93333333333333,0,0,0,0,0,0,0,0,0,6.13333333333333,2.4,0,0,0,43.2,0,0,0,0,0,0,0,0,0,0,34.6666666666667,0.533333333333333,0.533333333333333,0,0,0,0,0,0,0.266666666666667,0,0,0,0,0,0,8,0,0,0.533333333333333,0.266666666666667,0,0,0,0,0,0,0,0,0,0
"conejo_t4.rndpts.csv","Cubagua","Punta Conejo","t4","CUB","Insular","East",0,0,0,0,0,0,0,0,0,0,0,0,6.4,0,0,0,0,0,0,0,0,0,0,0,0,0,0,0,0,0,0,0,0,0,0.266666666666667,0,0,0,0,0,0,0,0,0,0,0,0,0,0,0,0,0,0,0,0,0,0,0,0,1.06666666666667,0,0,0,0,0.266666666666667,0,0,2.4,6.4,0,0,0.533333333333333,32.8,0,0,0,0,1.06666666666667,0,0,0,19.4666666666667,0,11.2,0,0.266666666666667,0,0,0,0,0,0,2.13333333333333,0,0,0,0,0,0.533333333333333,14.4,0,0,0.8,0,0,0,0,0,0,0,0,0,0,0
"cote_t1.rndpts.csv","Los Roques","Boca de Cote","t1","LRQ","Insular","West",0,0,0.266666666666667,0,0,0,0,0,0,0.266666666666667,2.13333333333333,0,0,0,0,0,0,0,0.533333333333333,0,0.8,0,0,0.266666666666667,0.8,14.4,0,0,0,0,1.33333333333333,0,0,0,0,0,0,0,0,0,0,0,1.06666666666667,0,0.8,0,2.4,0.266666666666667,0,1.06666666666667,0,0,0.266666666666667,0.533333333333333,7.73333333333333,1.86666666666667,0,0,0,0,0,0,0,0,0,0,0,0,0.266666666666667,0,0,4,34.1333333333333,0,0,0,0,0,0,0,0,0,0,0,0.266666666666667,0,0,0,0,0,0,0,0,0,0,0,2.66666666666667,0,1.33333333333333,2.4,0,0,0,0,0,17.8666666666667,0.266666666666667,0,0,0,0,0,0,0
"cote_t2.rndpts.csv","Los Roques","Boca de Cote","t2","LRQ","Insular","West",0,0,7.2,0,0,0,0,0,0,0,0.8,0,0.8,0,0,0,0,0,0,0.266666666666667,0.266666666666667,0,0,1.06666666666667,1.06666666666667,7.46666666666667,0,0.533333333333333,0,0,5.6,0,0,0,0,0,0,0,0,0,0,0,0,0,1.86666666666667,0,11.7333333333333,0,3.2,2.4,0,0,0,0,5.06666666666667,0.533333333333333,0,0.533333333333333,0,0,0,0,0,0,0,0,0,0,0,0,0,2.4,38.6666666666667,0,0,0,0,0,0,0,0,0,0,0,0,0,0,0,0,0,0,0,1.33333333333333,0,0,0.266666666666667,0.266666666666667,0,0.266666666666667,5.6,0,0,0,0,0,0.533333333333333,0.266666666666667,0,0,0,0,0,0,0
"cote_t3.rndpts.csv","Los Roques","Boca de Cote","t3","LRQ","Insular","West",0,0,0,0,0,0,0,0,0,0,2.4,0,0.533333333333333,0,0,0,0,0,0.266666666666667,0,1.06666666666667,0,0,4,2.66666666666667,4.8,0,0,0,0,2.66666666666667,0,0,0,0.266666666666667,0,0,0,0,0,0,0,0,0,1.33333333333333,0,4,0,2.4,2.93333333333333,0,1.06666666666667,0,0,3.2,0.533333333333333,0,1.33333333333333,0,0,0,0,0,0,0,0,0,0,0.266666666666667,0,0,0.8,52,0,0,0,0,0.266666666666667,0,0,0,0,0,0.533333333333333,0,0,0,0,0,0,0,0,0.266666666666667,0,0,0,0.533333333333333,0,1.06666666666667,4,0,0,0,0,0,4.8,0,0,0,0,0,0,0,0
"cote_t4.rndpts.csv","Los Roques","Boca de Cote","t4","LRQ","Insular","West",0,0,0,0,0,0,0,0,0,0,1.33333333333333,0,0,0,0,1.6,0,0,0.266666666666667,0,1.33333333333333,0,0,1.6,0,1.86666666666667,0,0,0,0,4.53333333333333,0,0,0,0,0,0,0,0,0,0,0,0.266666666666667,0,2.93333333333333,0,9.86666666666667,0,5.06666666666667,2.93333333333333,0,0.266666666666667,0,0,5.6,0,0,0.266666666666667,0,0,0,0,0,0,0,0,0,0,0,0,0,1.06666666666667,37.6,0,0,0,0,0,0,0,0,0,0,0,0,0,0,0,0,0,0,0,0.8,0,0,0,1.33333333333333,0,0.533333333333333,9.86666666666667,0,0,0,0,0,9.06666666666667,0,0,0,0,0,0,0,0
"cruz_t1.rndpts.csv","Mochima","Punta Cruz","t1","MOC","Continental","East",0,0,0,0,0,0,0,0,0,0,0,0,0,0,0,0,0,0,0,3.33333333333333,0,0,0,0.833333333333333,0,0,0,0,0,0,5,0,0,0,0,0,0,0,0,0,0,0,0,0,0,0,0,0,0,0,0,0,0,0,1.66666666666667,0,0,0,0,0,0,0,0,0,0,0,0.833333333333333,0,0,0,0,2.5,56.6666666666667,0,0,0,0,0,0,0,0,0,0,0,0,0,0,0,0,0,0,0,0,0.833333333333333,0,0,0,0,0,28.3333333333333,0,0,0,0,0,0,0,0,0,0,0,0,0,0
"cruz_t2.rndpts.csv","Mochima","Punta Cruz","t2","MOC","Continental","East",0,0,0,0,0,0,0,0,1.50943396226415,0,0,0,0,0,0,0,0,0,0,0,0,0,0,4.15094339622642,0,0,0,0,0,0,0,0,0,0,0,0,0,0,0,0,0,0,0,0,0,0,0,0,0,0,0,0,0,0,0.377358490566038,0,0,0,0,0,0,0,0,0,0,0,0,0.377358490566038,0,0,0,0,26.7924528301887,0,0,0,0,0.754716981132076,0,0,0,0,0,0,0,0,0,0,0.754716981132076,0,0,0,0,0,0,0,0,0,0,64.9056603773585,0,0,0.377358490566038,0,0,0,0,0,0,0,0,0,0,0
"cruz_t3.rndpts.csv","Mochima","Punta Cruz","t3","MOC","Continental","East",0,0,0,0,0,0,0,0,1.43884892086331,0,0,0,6.11510791366906,0,0,0,0,0,0,0.719424460431655,0,0,0,2.51798561151079,0,0,0,0,0,0,0,0,0,0,0,0,0,0,0,0,0,0,0,0,0,0,0,0,0.359712230215827,0,0,0,0,0,1.43884892086331,0,0,0,0,0,0,0,0,0,0,0,0,0,0.719424460431655,0.359712230215827,0,4.31654676258993,42.4460431654676,0,0,0,0,5.03597122302158,0,0,0,0,0,0,0,0,0,0,0.359712230215827,0.359712230215827,0,0,0,0,0,0,0,0,0,29.8561151079137,0,0,1.79856115107914,0,0,2.15827338129496,0,0,0,0,0,0,0,0
"cruz_t4.rndpts.csv","Mochima","Punta Cruz","t4","MOC","Continental","East",0,0,0,0,0,0,0,0,2.6431718061674,0,0,0,1.76211453744493,0,0,0,0,0,0,0.440528634361233,0,0,0,1.3215859030837,0,0,0,0,0,0,0,0,0,0,0,0,0,0,0,0,0,0,0,0,0,0,0,0,0,0,0,0,0,0,0,0,0,0,0,0,0,0,0.881057268722467,0,0,0,0,0.440528634361233,0.440528634361233,0,0,7.48898678414097,28.1938325991189,2.20264317180617,0,0,0,2.20264317180617,0.440528634361233,0,0,0,0,0,0,0,0,0,0,0,0,0,0.440528634361233,0,0,0,0,0,1.3215859030837,47.136563876652,0,0,2.20264317180617,0,0,0.440528634361233,0,0,0,0,0,0,0,0
"dms_t1.rndpts.csv","Los Roques","Dos Mosquises Sur","t1","LRQ","Insular","West",0,0,9.23913043478261,0.271739130434783,0,0,0,0,0,0,0,0,0,0,0,0,0,0,0,2.17391304347826,0,0,0,0,14.945652173913,2.98913043478261,0,0,0,0,0,0.271739130434783,0,0,0,0,0,0,0,0,0,0,0,1.08695652173913,0,0.271739130434783,0.271739130434783,2.98913043478261,0,4.34782608695652,0.815217391304348,0,0,0,0,0,0,0,0,0,0,0,0,0,0,0,0,0,0,0,0,0,38.3152173913044,0,0,0,0,0,0,0,0,0,0,0,0,0,0,0,0,0,0,0,0,0,4.34782608695652,0,1.08695652173913,0,5.97826086956522,10.5978260869565,0,0,0,0,0,0,0,0,0,0,0,0,0,0
"dms_t2.rndpts.csv","Los Roques","Dos Mosquises Sur","t2","LRQ","Insular","West",0,0,3.46666666666667,0,0,0,0,0,0,0,0,0,1.33333333333333,0,0,0.266666666666667,0,0,0,3.2,0,0,0,0,1.86666666666667,8.26666666666667,0,0,0,0,0,0,0,0,0,0,0,0,0.266666666666667,0,0,0,0.533333333333333,0,0,0,0,0,1.86666666666667,2.13333333333333,0,0,0.266666666666667,0,0.8,0,0,0,0,0,0,0,0,0,0,0,0,0,0.266666666666667,0,0,1.06666666666667,44.2666666666667,0,0,0,0,0.533333333333333,0,0,0,0,0,0,0.266666666666667,0,0,0,0,0,0,0,0,0,0,0,1.33333333333333,0,12.8,11.7333333333333,0,0,0,0,0,3.46666666666667,0,0,0,0,0,0,0,0
"dms_t3.rndpts.csv","Los Roques","Dos Mosquises Sur","t3","LRQ","Insular","West",0,0,14.4,0,0,0,0,0,0,0,0.266666666666667,0,0,0,0,0,0,0,0,2.4,0,0,0,0,9.6,6.66666666666667,0,0,0,0,0.266666666666667,0,0,0,0,1.6,0,0,0,0,0,0,0,1.86666666666667,0,0,0,0,0.533333333333333,0,0,0.266666666666667,0,0,0.266666666666667,0,0,0,0,0,0,0,0,0,0,0,0,0,0,0,0,0.533333333333333,34.4,0,0,0,0,0,0,0,0,0,0,0,0,0,0,0,0,0,0,0,2.13333333333333,0,0,0.266666666666667,0.266666666666667,0,22.4,1.86666666666667,0,0,0,0,0,0,0,0,0,0,0,0,0,0
"dms_t4.rndpts.csv","Los Roques","Dos Mosquises Sur","t4","LRQ","Insular","West",0,0,0,0,0,0,0.266666666666667,0,0,0,0,0,0,0,0,0,0,0,0,5.6,0,0,0,0,0,21.8666666666667,0,0,0,0,0.8,0,0,0,0.533333333333333,0,0,0,0,0,0,0,1.86666666666667,1.33333333333333,0,0.266666666666667,0,0,0.266666666666667,0.533333333333333,0,2.13333333333333,0,0,0.533333333333333,0,0,0,0,0,0,0,0,0,0,0,0,0,0,0,0,1.6,31.2,0,0,0,0,0,0,0,0,0,0,0,0,0,0,0,0,0.533333333333333,0,0,4.26666666666667,0,0.8,1.06666666666667,0.266666666666667,0.266666666666667,0,22.4,0,0,0,0,0,0.266666666666667,0,1.33333333333333,0,0,0,0,0,0
"gabarra_t1.rndpts.csv","Mochima","Gabarra","t1","MOC","Continental","East",0,0,0,0,0,0,0,0,0,0,0.273972602739726,0,0.547945205479452,0,0,0,0,0,0,1.36986301369863,0,0,0,0,0,0,0,0,0,0,1.64383561643836,0,0,0,0,0,0,0,0,0,0,0,0,0,0,0,0,0,0,0,0,0,2.19178082191781,0,17.5342465753425,0,0,0,0,0,0,0,0,0,0,0,0,0.273972602739726,0,0,0,0.821917808219178,36.1643835616438,0,0,0,0,0,0,0,0,0,0,0,0,0.273972602739726,0,0,0,0,0,0,0.273972602739726,0,0,0,0,0,0,37.2602739726027,0,0,0.273972602739726,0,0,1.0958904109589,0,0,0,0,0,0,0,0
"gabarra_t2.rndpts.csv","Mochima","Gabarra","t2","MOC","Continental","East",0,0,0,0,0,0,0,0,0,0,0,0,0.4,0,0,0,0,0,0,0,0,0,0,0,0,0,0,0,0,0,0,0,0,0,0,0,0,0,0,0,0,0,0,0,0,0,0,0,0,0,0,0,0,0,9.6,0,0,0,0,0,0,0,0,0,0.8,0,0,1.6,0,0,0,0.4,18.4,0,0,0,0,0,0,0,0,0,0,0,0,0.8,0,0,0,0,0,0,0,0,0,0,0,0,0,67.6,0,0,0.4,0,0,0,0,0,0,0,0,0,0,0
"gabarra_t3.rndpts.csv","Mochima","Gabarra","t3","MOC","Continental","East",0,0,0,0,0,0,0,0,0,0,0,0,2.97619047619048,0,0,0,0,0,0,2.38095238095238,0,0,0,0,0,0,0,0,0,0,0,0,0,0,0,0,0,0,0,0,0,0,0,0,0,0,0,0,0,0,0,0,0,0,22.9166666666667,0,0,0,0,0,0,0,0,0,0.297619047619048,0,0,0.297619047619048,0.595238095238095,0,0,1.19047619047619,44.6428571428571,0,0,0,0,0,0,0,0,0,0,0,0,0.297619047619048,0,0,0,0,0,0,0,0,0,0,0,0,0,22.9166666666667,0,0,0.595238095238095,0,0,0.892857142857143,0,0,0,0,0,0,0,0
"gabarra_t4.rndpts.csv","Mochima","Gabarra","t4","MOC","Continental","East",0,0,0,0,0,0,0,0,0,0,0,0,1.98863636363636,0,0,0,0,0,0,0.284090909090909,0,0,0,0,0,0,0,0,0,0,0.568181818181818,0,0,0.284090909090909,0,0,0,0,0,0,0,0,0,0,0,0,0,0,0,0,0,0,3.69318181818182,0.568181818181818,9.94318181818182,0,0,0,0,0,0,0,0,0,0.284090909090909,0,0,0,0,0,0,0.852272727272727,48.8636363636364,0,0,0,0,0,0,0,0,0,0,0,0,0,0,0,0,0.284090909090909,0,0,0,0,0,0,0,0,0,32.1022727272727,0,0,0,0,0,0.284090909090909,0,0,0,0,0,0,0,0
"garrapata_t1.rndpts.csv","Mochima","Garrapata","t1","MOC","Continental","East",0,0,0,0,0,0,0,0,0.289855072463768,0,0,0,7.53623188405797,0,0,0,0,0,0,2.60869565217391,0,0,0,5.50724637681159,0,0.869565217391304,0,0,0,0,0.289855072463768,0,0,0,0,0,0,0,0,0,0,0,0,0,0,0,0,0,0,0,0,0,0,0,2.60869565217391,0,0,0,0,0,0,0,0,0,0,0,0,0.579710144927536,0,0,0.289855072463768,1.44927536231884,48.9855072463768,0,0,0,0,0,0,0,0,0,0,0,0,0.579710144927536,0,0,0.579710144927536,0,0,0,0,0,0,0,0,0,0,26.0869565217391,0,0,0.579710144927536,0,0,1.15942028985507,0,0,0,0,0,0,0,0
"garrapata_t2.rndpts.csv","Mochima","Garrapata","t2","MOC","Continental","East",0,0,0,0,0,0,0,0,0,0,0.290697674418605,0,5.52325581395349,0,0,0,0,0,0,15.406976744186,0,0,0,3.77906976744186,0,0,0,0,0,0,0.290697674418605,0,0,0,0.290697674418605,0,0,0,0,0,0,0,0,0,0,0,0,0,0,0,0,0,0,0,5.52325581395349,0,0,0,0,0,0,0,0.290697674418605,0,0,0,0,0.872093023255814,0,0,0,0.290697674418605,54.3604651162791,0,0,0,0,0,0,0,0,0,0,0,0,1.45348837209302,0,0,1.16279069767442,0,0,0,0.581395348837209,0,0,0,0,0,0,6.1046511627907,0,0,2.03488372093023,0,0,1.74418604651163,0,0,0,0,0,0,0,0
"garrapata_t3.rndpts.csv","Mochima","Garrapata","t3","MOC","Continental","East",0,0,0,0,0,0,0,0,0,0,0.364963503649635,0,15.6934306569343,0,0,0,0,0,0,21.5328467153285,0,0,0,3.28467153284672,0,0,0,0,0,0,0.364963503649635,0,0,0,0,0,0,0,0,0,0,0,0,0,0,0,0,0,0,0,0,0,0,0,3.28467153284672,0,0,0,0,0,0,0,0,0,0,0,0,0,0.364963503649635,0,0,1.45985401459854,47.8102189781022,0,0,0,0,0,0,0,0,0,0,0,0,0,0,0,0,0,0,0,0,0,0,0,0,0,0,0.364963503649635,0,0,1.82481751824818,0,0,3.64963503649635,0,0,0,0,0,0,0,0
"garrapata_t4.rndpts.csv","Mochima","Garrapata","t4","MOC","Continental","East",0,0,0,0,0,0,0,0,0,0,0.550964187327824,0,4.40771349862259,0,0,0,0,0,0,16.5289256198347,0,0,0,4.6831955922865,0,0,0,0,0,0,0,0,0,0,0,0,0,0,0,0,0,0,0,0,0,0,0,0,0,0,0,0,0,0,6.06060606060606,0,0,0,0,0,0,0,0,0,0,0,0,0.275482093663912,0,0,0,5.23415977961433,41.8732782369146,0,0,0,0,0,0,0,0,0,0,0,0,0.275482093663912,0,0,0.550964187327824,0,0,0,0,0,0,0,0,0,0,12.396694214876,0,0,0.826446280991736,0,0,6.33608815426997,0,0,0,0,0,0,0,0
"guabinitas_t1.rndpts.csv","Ocumare","Guabinitas","t1","OCU","Continental","Center",0,0,0,0,0,0,0,0,0,0,0.533333333333333,0,0.266666666666667,0,0,0,0,0,0,0,0,0,0,0.266666666666667,0,0,0,0,0,0,3.46666666666667,0,0,0,0,0,0,0,0,0,0,0,0.266666666666667,0,0,0,0,0,0.533333333333333,6.66666666666667,0,0,1.33333333333333,0,0.8,0,0,4.53333333333333,0,0,0,0,0,0,0,0,0,0.266666666666667,0,0,0,0,29.8666666666667,0,0,0,0,0,0,0,0,0,0,0,0,0,0,0,0,0,0,0,0,0,0,0,0,0,0,51.2,0,0,0,0,0,0,0,0,0,0,0,0,0,0
"guabinitas_t2.rndpts.csv","Ocumare","Guabinitas","t2","OCU","Continental","Center",0,0,0,0,0,0,0,0,0,0,0,0,0.533333333333333,0,0,0,0,0,0,0,0,0,0,1.33333333333333,0,0.266666666666667,0,0,0,0,0,0,0,0,0,0,0,0,0,0,0,0,0,0.266666666666667,2.66666666666667,0,1.86666666666667,0,1.6,9.86666666666667,2.66666666666667,2.66666666666667,0,0,0.533333333333333,0,0,1.6,0,0,0,0,0,0,0,0,0,0.266666666666667,0,0,0,0,43.7333333333333,0,0,0,0,0,0,0,0,0,0,0,0,0,0,0,0,0,0,0,0.266666666666667,0,0,0,0,0,0,29.8666666666667,0,0,0,0,0,0,0,0,0,0,0,0,0,0
"guabinitas_t3.rndpts.csv","Ocumare","Guabinitas","t3","OCU","Continental","Center",0,0,0,0,0,0,0,0,0,0,0.533333333333333,0,0.266666666666667,0,0,0,0,0,0,0,0,0,0,1.33333333333333,0,0.8,0,0,0,0,6.66666666666667,0,0,0,0,0,0,0,0,0,0,0,1.33333333333333,1.6,0,0,8.53333333333333,0.266666666666667,2.66666666666667,4.26666666666667,0,0,5.6,0,2.4,0,0,12.2666666666667,0,0,0,0,0,0,0,0,0,0.266666666666667,0,0,0,0.533333333333333,24,0,0,0,0,1.33333333333333,0,0,0,0,0,0,0.266666666666667,0,0,0,0,0,0,0,0,0,0,0.533333333333333,0,0,0.266666666666667,24.2666666666667,0,0,0,0,0,0,0,0,0,0,0,0,0,0
"guabinitas_t4.rndpts.csv","Ocumare","Guabinitas","t4","OCU","Continental","Center",0,0,0,0,0,0,0,0,0,0,0.266666666666667,0,0.8,0,0,0,0,0,0.266666666666667,0.266666666666667,0,0,0,0,0,0,0,0,0,0,0,0,0,0,0,0,0,0,0,0,0,0,0,0.266666666666667,0.266666666666667,0,4.26666666666667,0,0.266666666666667,3.2,0,0,1.86666666666667,0,0.8,0.8,0.533333333333333,1.86666666666667,0,0,0,0,0,0,0,0,0,0.266666666666667,0,0,0,0,80.5333333333333,0,0,0,0,1.06666666666667,0,0,0,0,0,0,0.266666666666667,0,0,0,0,0,0,0,0.266666666666667,0,0,0,1.33333333333333,0,0,0,0,0,0,0,0,0.533333333333333,0,0,0,0,0,0,0,0
"lapared_t1.rndpts.csv","Chichiriviche","La Pared","t1","CHI","Continental","Center",0,0,0,0,0,0,0,0,0,5.86666666666667,0.266666666666667,0,0.533333333333333,0,0,0,0,0,0,0,0,0.8,0.266666666666667,1.6,0,0,0,0,0,0,1.06666666666667,0,0,0,0,0,0,0,0,0,0,0,0,0,0,0,0,0,0,0,0,0.266666666666667,0,0,0.266666666666667,0,0,0,0,0,0,0,0,0,0,0,0,0,0,0,0,0.266666666666667,82.6666666666667,0,0,0,0,1.06666666666667,0,0,0,0,0,0,2.13333333333333,0,0,0,1.6,0,0,0,0,0,0,0,0.533333333333333,0,0,0.533333333333333,0,0,0.266666666666667,0,0,0,0,0,0,0,0,0,0,0
"lapared_t2.rndpts.csv","Chichiriviche","La Pared","t2","CHI","Continental","Center",0,0,0,0,0,0,0,0.266666666666667,0,1.86666666666667,0,0,4.53333333333333,0,0,0,0,0,0,0,1.33333333333333,0,0,2.13333333333333,0,0,0,0,0,0,0.8,0,0,0,0,0,0.266666666666667,0,0,0,0,0,0.533333333333333,0.266666666666667,0,0,2.66666666666667,0,1.06666666666667,0,0,0,0,0,2.4,0,0.266666666666667,0,0,0,0,1.06666666666667,0,0,0,0,0,0.533333333333333,0,0,0,6.13333333333333,65.8666666666667,0,0,0,0,0,0,0,0,0,0,0,0.266666666666667,0,0.266666666666667,0,1.6,0,0,0,0.266666666666667,0,0,0,0.266666666666667,0,1.06666666666667,0,0,0,0,0,0,4.26666666666667,0,0,0,0,0,0,0,0
"lapared_t3.rndpts.csv","Chichiriviche","La Pared","t3","CHI","Continental","Center",0,0,0,0,0,0,0,0,0,3.2,0.533333333333333,0,3.46666666666667,0,0,0,0,0,0.8,0,0,0,0,0.8,0,0,0,0,0,0,0.533333333333333,0.266666666666667,0,0,0.533333333333333,0,0,0,0,0,0,0,0,1.33333333333333,0,0,4,0,0,0,0,0.8,0,0,5.33333333333333,0,1.06666666666667,0,0,0,0,0.533333333333333,0,0,0.266666666666667,0,0,0,0,0,0,7.46666666666667,56.2666666666667,0,0,0,0,1.06666666666667,0,0,0,0,0,0,0.533333333333333,0,0,0,0,1.6,0,0,1.33333333333333,0,0,0,1.86666666666667,0,0,0,0,0,1.06666666666667,0,0,5.33333333333333,0,0,0,0,0,0,0,0
"lapared_t4.rndpts.csv","Chichiriviche","La Pared","t4","CHI","Continental","Center",0,0,0,0,0,0,0,0,0,0,0,0,3.73333333333333,0,0,0,0,0.533333333333333,0,0,0.533333333333333,0,0,0,0,0,0,0,0,0,0.8,0,0,0,0.8,0,0,0,0,0,0,0,0,0,0,0,0.8,0,0.533333333333333,0,0,1.33333333333333,0,0,4.53333333333333,1.6,0.266666666666667,0,0,0,0.266666666666667,1.06666666666667,0,0,0,0,0,0.8,0.8,0,0,11.2,61.8666666666667,0,0,0,0,0.266666666666667,0,0,0,0,0,0,0.533333333333333,0,0,0,0,0,0,0,0,0,0,0,0.8,0,0,0,0,0,0.533333333333333,0,0,6.4,0,0,0,0,0,0,0,0
"madrisqui_t1.rndpts.csv","Los Roques","Madrisqui","t1","LRQ","Insular","West",0,0,0,0,0,0,0,0.266666666666667,0,0,2.4,0,0,0,0,0,0,0.266666666666667,0,3.2,0,0,0,0,0,3.2,0.533333333333333,0,0,0,0,0,0,0,0,0,0,0,0,0,0,0,3.73333333333333,0,0,0,1.6,2.4,0,3.2,0,1.6,0.266666666666667,0,2.66666666666667,0,0,0,0,1.6,0,0.8,0,0,0,0,0,1.33333333333333,0.266666666666667,0,0.266666666666667,0,39.4666666666667,0,0,0,0,6.66666666666667,0,0,0,0,0,0,0.8,0,0,0,0,0,0,0,0.266666666666667,0,0,0,0,0,0,21.0666666666667,0,0,0,0,0,2.13333333333333,0,0,0,0,0,0,0,0
"madrisqui_t2.rndpts.csv","Los Roques","Madrisqui","t2","LRQ","Insular","West",0,0,0,0,0,0,0,0,0,0,0.8,0,0,0,0,0,0,0.266666666666667,0,0,0,0,0,1.86666666666667,0,1.6,0,0,0,0,0,0,0,0,0.533333333333333,0,0,0.266666666666667,0,0,0,0,4.8,2.4,0,0,4,0,2.4,5.86666666666667,0,1.06666666666667,1.33333333333333,0,3.73333333333333,0,0.266666666666667,0.8,0,0,0,0,0,0,0,0,0,1.06666666666667,1.86666666666667,0,0,0.8,34.9333333333333,0.266666666666667,0,0,0,2.93333333333333,0,0,0,0,0,0,6.13333333333333,0,0,0,0,0,0,0,2.93333333333333,0,0,0,0,0,0,17.0666666666667,0,0,0,0,0,0,0,0,0,0,0,0,0,0
"madrisqui_t3.rndpts.csv","Los Roques","Madrisqui","t3","LRQ","Insular","West",0,0,0,0,0,0,0,5.33333333333333,0,0,1.6,0,0,0,0,0,0,0,0,4.53333333333333,0,0,0,0,0,4.26666666666667,0,0,0,0,0,0,0,0,0,0,0,0,0,0,1.06666666666667,0,4.8,2.93333333333333,0,0,0,0,3.2,7.73333333333333,0.8,0.533333333333333,0,0,2.13333333333333,0,0,0,0,0,0,0.266666666666667,0.266666666666667,0,0,0,0,1.33333333333333,1.6,0,1.86666666666667,0,32.5333333333333,0,0,0,0,7.46666666666667,0,0,0,0,0,0,2.13333333333333,0,0,0,0,0,0,0,0.8,0,0,0.266666666666667,1.06666666666667,0,0.533333333333333,10.6666666666667,0,0,0.266666666666667,0,0,0,0,0,0,0,0,0,0,0
"madrisqui_t4.rndpts.csv","Los Roques","Madrisqui","t4","LRQ","Insular","West",0,0,0,0,0,0,0,0,0,0,0,0,0,0,0.8,0,0.266666666666667,0,0,2.66666666666667,0,0,0,0,0,7.2,0,0,0,0,0,0,0,0,0,0,0,0,0,0,0.533333333333333,0,3.46666666666667,0.8,0,0,2.13333333333333,0,4,2.4,0,2.13333333333333,0.533333333333333,0,1.6,0,0,0,0,0,0,0.266666666666667,0,0,0,0,0,2.66666666666667,0,0,0,0,36,0,0,0,0,10.9333333333333,0,0,0,0,0,0.266666666666667,0.8,0,0,0,0,0,0,0,1.06666666666667,0,0,0,0.266666666666667,0,0.266666666666667,18.6666666666667,0,0,0.266666666666667,0,0,0,0,0,0,0,0,0,0,0
"medialegua_t1.rndpts.csv","Chichiriviche","Media Legua","t1","CHI","Continental","Center",0,0,0,0,0,0,0,0,0,2.66666666666667,0,0,0.8,0,0,0,0,0,0,0,0,0,0,0.266666666666667,0,0,0,0,0,0,0.266666666666667,0,0,0,0,0,0,0,0,0,0,0,0,0,0,0,6.66666666666667,0.266666666666667,0.8,0,0,0,0,0,2.13333333333333,0.8,0,1.86666666666667,0,0,0,0,0,0,0,0,0,0,0,0,0,1.86666666666667,76.2666666666667,0,0,0,0,0,0,0,0,0,0,0,0.266666666666667,0,0,0,0,0,0,0,0,0,0,0,0.266666666666667,0,0,4.8,0,0,0,0,0,0,0,0,0,0,0,0,0,0
"medialegua_t2.rndpts.csv","Chichiriviche","Media Legua","t2","CHI","Continental","Center",0,0,0,0,0,0,0,0,0,0,0.266666666666667,0,3.2,0,0,0,0,0,0,0,0.266666666666667,0,0,0.533333333333333,0,0,0,0,0,0,1.06666666666667,0,0,0,0,0,0,0,0,0,0,0,0,0.8,1.06666666666667,0,5.06666666666667,0,0.266666666666667,0,0,0,0,0,2.13333333333333,0,0,2.66666666666667,0,0,0,0,0,0,0,0,0,0,0.266666666666667,0,0,2.66666666666667,73.8666666666667,0,0,0,0,0.266666666666667,0,0,0,0,0,0,0,0,0,0,0,0,0,0,1.33333333333333,0,0,0.266666666666667,0,0,0,2.93333333333333,0,0,0,0,0,1.06666666666667,0,0,0,0,0,0,0,0
"medialegua_t3.rndpts.csv","Chichiriviche","Media Legua","t3","CHI","Continental","Center",0,0,0,0,0,0,0,0.266666666666667,0,0,0,0,3.46666666666667,0,0,0,0,0,0,0.266666666666667,0,0,0,0,0,0.266666666666667,0,0,0,0,0,0,0,0,0.266666666666667,0,0,0,0,0,0,0,0,0,0,0,5.6,2.13333333333333,0.266666666666667,0,0,0.8,0,0,0.266666666666667,0,0,6.93333333333333,0,0,0,0,0,0,0,0,0,0,0.266666666666667,0,0,0,66.4,0,0,0,0,0,0,0,0,0,0,0,7.2,0,0,0,0,0,0,0,0,0,0,0,0,0,0,2.66666666666667,0,0,0.533333333333333,0,0,2.4,0,0,0,0,0,0,0,0
"medialegua_t4.rndpts.csv","Chichiriviche","Media Legua","t4","CHI","Continental","Center",0,0,0,0,0,0,0,0,0,0,0,0.266666666666667,2.13333333333333,0,0,0,0,0,0,0,0,0,0,0,0,0,0,0,0,0,0.533333333333333,0,0,0,0,0,0,0,0,0,0,0,0,0.533333333333333,0,0,6.13333333333333,0,2.93333333333333,0.533333333333333,0,0,0.266666666666667,0,0,2.13333333333333,0.533333333333333,2.66666666666667,0,0,0,0,0,0,0,0,0,0,0.266666666666667,0,0,0.266666666666667,76.5333333333333,0,0,0,0,0,0,0,0,0,0,0.266666666666667,0,0,0,0,0,0,0,0,0,0,0,0,0,0,0,3.73333333333333,0,0,0,0,0,0,0,0.266666666666667,0,0,0,0,0,0
"medialeguapunta_t1.rndpts.csv","Chichiriviche","Punta de Media Legua","t1","CHI","Continental","Center",0,0,0,0,0,0,0,0,0,0,0.533333333333333,0,3.2,0,0,0,0,0,0,0.266666666666667,3.46666666666667,0,0,0.533333333333333,0,0,0,0,0.533333333333333,0,4.53333333333333,0,0,0,0,0,0,0,0,0,0,0,0,0,0,0,5.86666666666667,0,0.266666666666667,0,0,0,0,0,2.93333333333333,2.93333333333333,0.533333333333333,6.66666666666667,0,0,0,0,0,0,0,0,0,0,0,0,0,0.533333333333333,66.4,0,0,0,0,0,0,0,0,0,0,0,0.266666666666667,0,0,0,0,0,0,0,0,0,0,0,0.266666666666667,0,0,0.266666666666667,0,0,0,0,0,0,0,0,0,0,0,0,0,0
"medialeguapunta_t2.rndpts.csv","Chichiriviche","Punta de Media Legua","t2","CHI","Continental","Center",0,0,0,0,0,0,0,0,0,0,0,0,0.8,0,0,0,0,0,0,0,0,0,0,0,0,0,0,0,0,0,0.266666666666667,0,0,0,0,0,0,0,0,0,0,0,0,0,0,0,3.46666666666667,0,0.266666666666667,0,0,1.06666666666667,0,0,1.06666666666667,0,0,0,0,0,0,0,0,0,0,0,0,0,0.533333333333333,0,0,0.266666666666667,78.1333333333333,0,0,0,0,0,0,0,0,0,0,0,0.266666666666667,0,0,0,0,0,0,0,0.533333333333333,0,0,0,0,0,6.13333333333333,7.2,0,0,0,0,0,0,0,0,0,0,0,0,0,0
"medialeguapunta_t3.rndpts.csv","Chichiriviche","Punta de Media Legua","t3","CHI","Continental","Center",0,0,0,0,0,0,0,0,0,0,0,0,0,0,0,0,0,0,0,0,0,0,0,0.8,0,0,0,0,0,0,0.266666666666667,0,0,0,0.266666666666667,0,0,0,0,0.266666666666667,0,0,0,2.13333333333333,0,0,5.6,2.13333333333333,2.66666666666667,6.4,0,1.6,0,0,3.2,1.33333333333333,0,1.33333333333333,0,0,0,0.8,0,0,0,0,0,0,0.533333333333333,0,0,6.4,47.2,0,0,0,0,0,0,0,0,0,0,0,0.8,0,0,0,0,0,0,0,0,0,0,0,0,0,0.533333333333333,13.8666666666667,0,0,0,0,0,1.86666666666667,0,0,0,0,0,0,0,0
"medialeguapunta_t4.rndpts.csv","Chichiriviche","Punta de Media Legua","t4","CHI","Continental","Center",0,0,0,0,0,0,0,0,0,0.533333333333333,0,0.266666666666667,3.2,0,0,0,0,0,0,0,0.266666666666667,0,0,1.86666666666667,0,0,0,0,0,0,1.86666666666667,0,0,0,0,0,0,0,0,0,0,0,0,1.33333333333333,0,0,5.33333333333333,0,0.8,1.33333333333333,0,1.33333333333333,0,0,1.33333333333333,1.33333333333333,1.33333333333333,0.8,0,0,0,0,0,0,0,0,0,0.8,0.266666666666667,0,0,0.533333333333333,73.8666666666667,0,0,0,0,0,0,0,0,0,0,0,0,0,0,0,0,0,0,0,0,0,0,0,0,0,0,0,0,0,0,0,0.8,0.8,0,0,0,0,0,0,0,0
"medio_t1.rndpts.csv","Morrocoy","Medio","t1","MOR","Continental","West",0,0,0,0,0,0,0,0.808625336927224,0,0,0,0,0.269541778975741,0.269541778975741,0.269541778975741,0,0,0,0.269541778975741,0,0,0,0,0,0,38.544474393531,0,0,0,0,0,0,0,0,0,0,0,0,0,0,0,0,0,0,0,0,0,0,0,0,0,0,0,0,1.88679245283019,0,0,0.808625336927224,0,0,0,0.269541778975741,0,0,0,0,0,0,0,0,0,0,49.8652291105121,0,0.539083557951482,0,0,0.539083557951482,0,0,0,0,0,0,0,0,0,0,0,0,0,0,0.269541778975741,0,0,0,0,0,0,0,0,0,1.88679245283019,0,0,3.50404312668464,0,0,0,0,0,0,0,0
"medio_t2.rndpts.csv","Morrocoy","Medio","t2","MOR","Continental","West",0,0,0,0,0,0,0,0.269541778975741,0,0,0,0,0,0,0,0,0,0,0.269541778975741,0,0,0,0,0,0,30.7277628032345,0,0,0,0,0,0,0,0,0,0,0,0,0,0,0,0,0,0,0,0,0,0,0,0,0,0,0,0,1.34770889487871,0.539083557951482,0,0,0,0,0,0,0,0,0,0,0,0.269541778975741,0,0,0,0,53.3692722371968,0,0,0,0,0,0,0,0,0,0,0,0,0,0,0,0,0,0,0,0,0,0,0,0,0,0,0,0,0,1.61725067385445,0,0,11.5902964959569,0,0,0,0,0,0,0,0
"medio_t3.rndpts.csv","Morrocoy","Medio","t3","MOR","Continental","West",0,0,0,0,0,0,0,0,0,0,0,0,0,0,0,2.51396648044693,0,0,0,0.837988826815642,0,0,0,0,0,30.1675977653631,0,0,0,0,0,0,0,0,0,0,0,0,0.279329608938547,0,0,0,0,0,0,0,0,0,0,0,0,0,0,0,0.558659217877095,0.279329608938547,0,0,0,0,0,0,0,0,0,0,0,0,0.558659217877095,0,0.279329608938547,0,59.4972067039106,0,0,0,0,0,0,0,0,0,0,0,0,0,0,0,0,0,0,0,0,0,0,0,0,0,0,1.11731843575419,0,0,2.51396648044693,0,0,1.39664804469274,0,0,0,0,0,0,0,0
"medio_t4.rndpts.csv","Morrocoy","Medio","t4","MOR","Continental","West",0,0,0,15.1933701657459,0,0,0,4.41988950276243,0,0,0,0,0,0,2.48618784530387,0,0,0,0.276243093922652,0,0,0,0,0,0,9.39226519337017,0,0,0,0,0,0,0,0,0,0,0,0,0,0,0,0,0,0,0.276243093922652,0,0,0,0,0,0,0,0,0,1.38121546961326,0.276243093922652,0,0,0,0,0,0,0,0,0,0,0,0,0.552486187845304,0,0,0,51.1049723756906,0,0,0,0,1.10497237569061,0,0,0,0,0,0,0,0,0,0,0,0,0,0,0,0,0,0,0,0,9.94475138121547,0.276243093922652,0,0,0.828729281767956,0,0,2.48618784530387,0,0,0,0,0,0,0,0
"mero_t1.rndpts.csv","Morrocoy","Mero","t1","MOR","Continental","West",0,0,0,0,0,0.533333333333333,0,0,0,0,0.533333333333333,0,0,0,0,0,0,0,0,0,0,0,0,0,0,0.266666666666667,0,0,0,0,0,0,0,0,0,0,0,0,0,0,0,0,0,0,0,0,0.266666666666667,0,0,0,0,0,0,0,0,0,0,0,0,0,0,0,0,0,0,0,0,0.533333333333333,0.8,0,1.86666666666667,0,33.8666666666667,0,0,0,0,9.6,0,0,0,0,0,0,0.266666666666667,0,0,0,0,0,0,0.266666666666667,0.266666666666667,0,0,0,0,0,44,6.66666666666667,0,0,0,0,0,0.266666666666667,0,0,0,0,0,0,0,0
"mero_t2.rndpts.csv","Morrocoy","Mero","t2","MOR","Continental","West",0,0,0,0,0,0,0,0,0,0,1.86666666666667,0,0,0,0,0,0,0.266666666666667,0.266666666666667,0.533333333333333,0,0,0,0,0,0,0,0,0,0,0.533333333333333,0,0,0,0,0,0,0,0,0,0,0,0,0,0,0,0,0,0,0,0,0,0.266666666666667,0,0,0,0,0.266666666666667,0,0,0,0,0,0,0,0,0,1.06666666666667,0,0,0.266666666666667,0.533333333333333,34.6666666666667,0,0,0,0,14.9333333333333,0,0,0,0,0,0,3.46666666666667,0,0,0,0,0,0,0.266666666666667,0.8,0,0,0,0.266666666666667,0,26.9333333333333,11.4666666666667,0,0,0.266666666666667,0,0,1.06666666666667,0,0,0,0,0,0,0,0
"mero_t3.rndpts.csv","Morrocoy","Mero","t3","MOR","Continental","West",0,0,0.533333333333333,0,0,0.533333333333333,0,0,0,0,0.8,0,0.266666666666667,0,0,0,0,0,0,5.86666666666667,0,0,0,0,0,0.533333333333333,0,0,0,0,0.8,0,0,0,0,0,0,0,0.266666666666667,0,0,0,0,0,0,0,0,0,0,4.53333333333333,0,0,0,0,0.266666666666667,0,0,0,0,0,0,0.266666666666667,0,0,0,0,0,0,0.266666666666667,0,0.266666666666667,4.26666666666667,38.9333333333333,0,0,0,0,1.86666666666667,0,0,0,0,0,0.266666666666667,0.533333333333333,0,0,0,0,0,0,0,0.8,0,0,0,0,0,8.53333333333333,29.0666666666667,0,0,0,0,0,0.533333333333333,0,0,0,0,0,0,0,0
"mero_t4.rndpts.csv","Morrocoy","Mero","t4","MOR","Continental","West",0,0,0,0,0,0,0,0,0,0,0,0,0,0,0,0,0,0,0,0,0,0,0,0,0,0,0,0,0,0,0,0,0,0,0,0,0,0,0,0,0,0,0,0.266666666666667,0,0,0,0,0,0,0,0,1.33333333333333,0,0,0,0,0,0,0,0,0.266666666666667,0,0,0,0,0,0,0,0,1.33333333333333,0.266666666666667,22.1333333333333,0,0,0,0,5.33333333333333,0,0,0,0,0,0,2.66666666666667,0,0,0,0,0,0,0,0.266666666666667,0,0,0,0.266666666666667,0,56.8,8.53333333333333,0.533333333333333,0,0,0,0,0,0,0,0,0,0,0,0,0
"muerta_t1.rndpts.csv","Cubagua","La Muerta","t1","CUB","Insular","East",0,0,0,0,0,0,0,0,0,0,1.86666666666667,0,7.2,0,0,0,0,0,0,0,0,0,0,0,0,0.8,0,0,0,0,0,0,0,0,0,0,0,0,0,0,0,0,0,0,0,0,0,0,0,0.266666666666667,0,0,0,0,0,0,0,0.8,0,0,0,0,0,0,0,0,0,0.8,0,0,0,0,34.6666666666667,0,0,0,0,0,0,0,0,2.66666666666667,0,0,0,0,0,0,0,0,0,0,0,0,0,0,0,0,0.266666666666667,50.6666666666667,0,0,0,0,0,0,0,0,0,0,0,0,0,0
"muerta_t2.rndpts.csv","Cubagua","La Muerta","t2","CUB","Insular","East",0,0,0,0,0,0,0,0,0,0,0,0,3.42857142857143,0,0,0,0,0,0,3.14285714285714,0,0,0,0,0,0,0,0,0,0,0,0,0,0,0,0,0,0,0,0,0,0,0,0,0,0,0,0,0,16.5714285714286,0,0,0,0,0,0,0,2.85714285714286,0,0,0,0,0,0,0,0,0,0,0.285714285714286,0.571428571428571,0,1.14285714285714,22.5714285714286,0,0,0,0,0,0,0,0,19.7142857142857,0,9.14285714285714,0.285714285714286,0,0,0,0,0,0,0,0.571428571428571,0,0,0,0,0,1.71428571428571,18,0,0,0,0,0,0,0,0,0,0,0,0,0,0
"muerta_t3.rndpts.csv","Cubagua","La Muerta","t3","CUB","Insular","East",0,0,0,0,0,0,0,0,0,0,0,0,1.86666666666667,0,0,0,0,0,0,0,0,0,0,0,0,0,0,0,0,0,0,0,0,0,0,0,0,0,0,0,0,0,0,0,0,0,0,0,0,29.3333333333333,0,0,0,0,0,0,0,0.266666666666667,0,0,0,0,0,0,0,0,0,0,0,0,0,0,13.0666666666667,0,0,0,0,0,0,0,0,16,0,0,0,0,0,0,0,0,0,0,0,0,0,0,0,0,0,39.2,0,0,0.266666666666667,0,0,0,0,0,0,0,0,0,0,0
"muerta_t4.rndpts.csv","Cubagua","La Muerta","t4","CUB","Insular","East",0,0,0,0,0,0,0,0,0,0,0,0,0,0,0,0,0,0,0,0,0,0,0,0,0,0,0,0,0,0,0,0,0,0,0,0,0,0,0,0,0,0,0,0,0,0,0,0,0,35.7333333333333,0,0,0,0,0,0,0,0,0,0,0,0,0,0,0,0,0,0,0,0,0,0,10.6666666666667,0,0,0,0,0,0,0,0,17.3333333333333,0,1.86666666666667,0,0,0,0,0,0,0,0,0,0,0,0,0,0,0,34.4,0,0,0,0,0,0,0,0,0,0,0,0,0,0
"norte_t1.rndpts.csv","Morrocoy","Norte","t1","MOR","Continental","West",0,2.1680216802168,0,0,0,0,0,1.0840108401084,0,0,0,0,0,0,0,0,0,0,0.5420054200542,0.5420054200542,0,0,0,0,4.0650406504065,49.8644986449864,0,0,0,0,0,0,0,0,0,0,0,0,0,0,0,0,0.2710027100271,0,0,0,0,0,0,0,0,0,0,0,0.2710027100271,0,0,0.2710027100271,0,0,0,0,0,0,0,0,0,0,0.2710027100271,0,0,0.5420054200542,20.0542005420054,0,0,0,0,0,0,0,0,0,0,0,0,0,0,0,0,0,0,0,0.5420054200542,0,0,0,0,0,0,0,0,0,5.69105691056911,0,0,13.8211382113821,0,0,0,0,0,0,0,0
"norte_t2.rndpts.csv","Morrocoy","Norte","t2","MOR","Continental","West",0,0,0,0,0,0,0,0.533333333333333,0,0,0,0,0,0,1.86666666666667,0,0,0,0.266666666666667,0.533333333333333,0,0,0,0,0,50.9333333333333,0,1.06666666666667,0,0,0,0,0,0,0,0,0,0,0,0,0,0,0,0,0,0,0,0,0,0,0,0,0.533333333333333,0,2.13333333333333,1.33333333333333,0,0,0,0,0,0,0,0,0,0,0,0,0,0,0,1.6,29.8666666666667,0,0,0,0,0.533333333333333,0,0,0,0,0,0,0,0,0,0,0,0,0,0,0,0,0,0,0,0,0,0,0,0,3.73333333333333,0,0,5.06666666666667,0,0,0,0,0,0,0,0
"norte_t3.rndpts.csv","Morrocoy","Norte","t3","MOR","Continental","West",0,3.2258064516129,0,0,0,0,0,0,0,0,0,0,0,0,0.268817204301075,0,0,0,0.268817204301075,0.268817204301075,0,0,0,0,0.268817204301075,49.7311827956989,0,0,0,0,0,0,0,0,0,0,0,0,0,0,0,0,0,0,0,0,0,0,0,0,0,0,0.268817204301075,0,1.61290322580645,2.1505376344086,0,0.268817204301075,0,0,0,0,0,0,0,0,0,0.806451612903226,0,0,0,0,29.8387096774194,0,0,0,0,0,0,0,0,0,0,0,0,0,0,0,0,0,0,0,0.806451612903226,0,0,0,0,0,0,0,0,0.268817204301075,1.88172043010753,0,0,8.06451612903226,0,0,0,0,0,0,0,0
"norte_t4.rndpts.csv","Morrocoy","Norte","t4","MOR","Continental","West",0,0,0,0,0,0,0,0.267379679144385,0,0,0.267379679144385,0,0,0,3.47593582887701,0,0,0,0.267379679144385,2.40641711229947,0,0,0,0,0,28.6096256684492,0,5.3475935828877,0,0,0,0,0,0,0,0,0,0,0,0,0,0,0,0,0,0,0,0,0,0,0,0,1.60427807486631,0,7.2192513368984,1.33689839572193,0,0.53475935828877,0,0,0,0,0,0,0,0,0,0,0.267379679144385,0,0,0.53475935828877,39.0374331550802,0,0,0,0,0,0,0,0,0,0,0,0,0,0,0,0,0,0,0,0,0,0.267379679144385,0,0,0,0,0,0,0,2.40641711229947,0,0,6.14973262032086,0,0,0,0,0,0,0,0
"pecha_t1.rndpts.csv","Los Frailes","La Pecha","t1","LFR","Insular","East",0,0,0,0,0,0,0,0,0,0,0,0,0.266666666666667,0,0,0,0,0,0,0,0,0,0,0,0,0,0,0,0,0,0,0,0,0,0,0,0,0,0,0,0,0,0,0,0,0,36.2666666666667,0.266666666666667,14.6666666666667,1.06666666666667,0,0,0,0,0.266666666666667,0,0,3.2,0,0,0,0,0,0,0,0,0,0.533333333333333,0,0,0,0.266666666666667,29.0666666666667,0,0,0,0,2.13333333333333,0,0,0,0,0,0,0.266666666666667,0,0,0,0,0,0,0,0.266666666666667,0,0.266666666666667,0,0,0,1.06666666666667,9.6,0,0,0,0,0,0,0,0,0,0.266666666666667,0,0,0.266666666666667,0
"pecha_t2.rndpts.csv","Los Frailes","La Pecha","t2","LFR","Insular","East",0,0,0,0,0,0,0,0,0,0,0,0,0,0,0,0,0,0,0,0,0,0,0,0,0,0,0,0,0,0,0,0,0,0,0,0,0,0,0,0,0,0,0,2.93333333333333,0,0,5.86666666666667,0.533333333333333,0.8,5.6,1.86666666666667,2.66666666666667,0,0,0.8,0,0,6.66666666666667,0,0,0,0,0,0,0,0,0,0,0,0,0,0,12.8,0,0,0,0,0,0,0,0,0,0,2.66666666666667,1.86666666666667,0,0,0,0,0,0,0,0.533333333333333,0,0,0,0,0.266666666666667,4.26666666666667,49.3333333333333,0,0,0.533333333333333,0,0,0,0,0,0,0,0,0,0,0
"pecha_t3.rndpts.csv","Los Frailes","La Pecha","t3","LFR","Insular","East",0,0,0,0,0,0,0,0,0,0,0,0,0,0,0,0,0,0,0,0,0,0,0,0,0,0,0,0,0,0,0,0,0,0,0,0,0,0,0,0,0,0,0,2.13333333333333,0,0,15.7333333333333,0,0,0,0,0,0,0,15.4666666666667,0,0,4.8,0,0,0,0,0,0,0,0,0,0,0,0,0,0.266666666666667,33.3333333333333,0,0,0,0,0,0,0,0,0,0,0.266666666666667,0,0,0,0,0,0,0,0,0,0,0,0,0,0,3.73333333333333,22.1333333333333,2.13333333333333,0,0,0,0,0,0,0,0,0,0,0,0,0
"pecha_t4.rndpts.csv","Los Frailes","La Pecha","t4","LFR","Insular","East",0,0,0,0,0,0,0,0,0,0,0,0,0,0,0,0,0,0,0,0,0,0,0,0,0,0,0,0,0,0,0,0,0,0,0,0,0,0,0,0,0,0,0,0,0,0,8.53333333333333,2.66666666666667,2.66666666666667,0,0,3.46666666666667,0,0,23.7333333333333,0,0,0,0,0,0,0,0,0,0,0,0,0,0,0,0.266666666666667,0.533333333333333,48,0,0,0,0,0,0,0,0,0,0,0,0,0,0,0,0,0,0,0,0,0,0,0,0,0,1.06666666666667,9.06666666666667,0,0,0,0,0,0,0,0,0,0,0,0,0,0
"petaquire_t1.rndpts.csv","Chichiriviche","Petaquire","t1","CHI","Continental","Center",0,0,0,0,0,0,0,0,0,0,0,0,2.66666666666667,0,0,0,0,0,0,0,0.266666666666667,0,0,0.266666666666667,0,0,0,0,0,0,0.266666666666667,0.533333333333333,0,0,0.266666666666667,0,0,0,0,0,0,0,0,3.46666666666667,0,0,1.6,0,0.8,0,0,1.33333333333333,0,0,12.8,0,0,7.46666666666667,0,0,0,0.533333333333333,0,0,0.266666666666667,0,0,0,1.6,0,0,4.26666666666667,54.9333333333333,0,0,0,0,1.86666666666667,0,0,0,0,0,0,3.2,0,0,0,0,0,0,0,0.533333333333333,0,0,0,0,0,0.266666666666667,0,0,0,0.533333333333333,0,0,0.266666666666667,0,0,0,0,0,0,0,0
"petaquire_t2.rndpts.csv","Chichiriviche","Petaquire","t2","CHI","Continental","Center",0,0,0,0,0,0,0,0,0,0,0,0,2.4,0,0,0,0,0,0,0,0,0,0,0,0,0,0,0,0,0,0.266666666666667,0,0,0,0,0,0,0,0,0,0,0,0,0,0,0,0.266666666666667,0,0.8,0,0,0.266666666666667,0,0,5.86666666666667,0,0,5.33333333333333,0,0,0,0,0,0,0,0,0,0,0.533333333333333,0,0,0,65.3333333333333,0,0,0,0,0,0,0,0,0,0,0,0,0,0,0,0,0,0,0,0,0,0,0,0,0,16.5333333333333,0.533333333333333,0,0,0,1.86666666666667,0,0,0,0,0,0,0,0,0,0
"petaquire_t3.rndpts.csv","Chichiriviche","Petaquire","t3","CHI","Continental","Center",0,0,0,0,0,0,0,0.266666666666667,0,0,0,0,9.06666666666667,0,0,0,0,0,0,0.266666666666667,0,0,0,0,0,0.266666666666667,0,0,0,0.266666666666667,0.8,0,0,0,0,0,0,0,0,0,0,0,0,0,0,0,1.06666666666667,0.533333333333333,1.06666666666667,0,0,0,0,0,1.6,0,8.8,4.53333333333333,0,0,0,0,0,0,0,0,0,0.8,0,0,0,8.8,61.0666666666667,0,0,0,0,0,0,0,0,0,0,0,0,0,0,0,0,0,0,0,0,0,0,0,0,0,0,0,0,0,0,0,0,0.8,0,0,0,0,0,0,0,0
"playatiburon_t1.rndpts.csv","Chichiriviche","Playa Tiburn","t1","CHI","Continental","Center",0,0,0,0,0,0,0,0.307692307692308,0,2.76923076923077,0,0,1.84615384615385,0,0,0,0,0,0,0,1.84615384615385,0,0,1.84615384615385,0,0,0,0,0,0,0.615384615384615,0,0,0,0,0,0,0,0,0,0,0,0,0,0,0,0,0,0.615384615384615,0,0,0.307692307692308,0,0,2.76923076923077,0,0,0,0,0,0,0,0,0,0,0,0,0.615384615384615,0.307692307692308,0,0,0,85.2307692307692,0,0,0,0,0,0,0,0,0,0,0,0,0,0,0,0,0,0,0,0,0,0,0,0,0,0,0,0,0,0.923076923076923,0,0,0,0,0,0,0,0,0,0,0
"playatiburon_t2.rndpts.csv","Chichiriviche","Playa Tiburn","t2","CHI","Continental","Center",0,0,0,0,0,0,0,0,0,0,1.06666666666667,0,3.46666666666667,0,0,0,0,0,0.533333333333333,0,0.533333333333333,0,0,0.266666666666667,0,0,0,0,0,0,4,0,0,0,0,0,0,0,0,0,0,0,0.266666666666667,0,0,0,0,0,0,0,0,0.8,0,0,4.53333333333333,0.266666666666667,1.86666666666667,0,0,0,0,0.533333333333333,0,0,0,0,0,0.266666666666667,0.533333333333333,0,0,1.6,74.1333333333333,0,0,0,0,0,0,0,0,0,0,0,0,0,0,0,1.33333333333333,0,0,0,0.266666666666667,0,0,0,0,0,0.8,1.86666666666667,0,0,0,0,0,1.06666666666667,0,0,0,0,0,0,0,0
"playatiburon_t3.rndpts.csv","Chichiriviche","Playa Tiburn","t3","CHI","Continental","Center",0,0,0,0,0,0,0,0.266666666666667,0,0.266666666666667,0,0,5.86666666666667,0,0,0,0,0,0.266666666666667,0,1.33333333333333,0,0,0,0,0,0,0,0,0,0.533333333333333,0,0,0,0,0,0,0,0,0,0,0,0,0,0,0,2.93333333333333,0,0,0,0,0,0,0,0.266666666666667,0.8,8.53333333333333,0.266666666666667,0,0,0,0,0,0,0,0,0,0,0,0,0,0.533333333333333,72.2666666666667,0,0,0,0,0,0,0,0,0,0,0,0,0,0,0,0.266666666666667,0,0,0,0,0,0,0.266666666666667,0,0,0.533333333333333,3.73333333333333,0,0,0,0,0,1.06666666666667,0,0,0,0,0,0,0,0
"playatiburon_t4.rndpts.csv","Chichiriviche","Playa Tiburn","t4","CHI","Continental","Center",0,0,0,0,0,0,0,0,0,0,0,0,1.33333333333333,0,0,0,0,0,0,0,0.266666666666667,0,0,0.533333333333333,0,0,0,0,0,0,1.06666666666667,0,0,0,0.266666666666667,0,0,0,0,0,0,0,0,0,0,0,0.266666666666667,0,0.8,0,0,0.533333333333333,0,0,0,1.06666666666667,0.266666666666667,0,0,0,0,0,0,0,0,0,0,0.266666666666667,0,0,0,0,91.7333333333333,0,0,0,0,0,0,0,0,0,0,0,0.266666666666667,0,0,0,0,0,0,0,0.266666666666667,0,0,0.266666666666667,0,0,0,0.533333333333333,0,0,0,0,0,0.266666666666667,0,0,0,0,0,0,0,0
"puntamono_t1.rndpts.csv","Chichiriviche","Punta Mono","t1","CHI","Continental","Center",0,0,0,0,0,0,0,0,0,0.533333333333333,0,0,1.6,0,0,0,0,0,0,0,0.266666666666667,0,0,0,0,0,0,0,0,0,0.533333333333333,0,0,0,0,0,0,0,0,0,0,0,0,0.266666666666667,0,0,4,2.93333333333333,1.6,0,0,0.8,0,0,2.13333333333333,0,0,0,0,0,0,0,0,0,0,0,0,0.8,0,0,0,1.06666666666667,62.9333333333333,0,0,0,0,0.266666666666667,0,0,0,0,0,0,0,0,0,0,0,0,0,0,0.266666666666667,0,0,0,0,0,0,20,0,0,0,0,0,0,0,0,0,0,0,0,0,0
"puntamono_t2.rndpts.csv","Chichiriviche","Punta Mono","t2","CHI","Continental","Center",0,0,0,0,0,0,0,0,0,1.33333333333333,0,0,4.53333333333333,0,0,0,0,0,0,0,0.533333333333333,0,0,0,0,0,0,0,0,0,0.533333333333333,0,0,0,0,0,0,0,0,0,0,0.533333333333333,0,0,0,0,5.86666666666667,0,2.4,0,0,0.266666666666667,0,0,13.0666666666667,0,0,0.533333333333333,0,0,0,0,0,0,0,0,0,1.06666666666667,0,0,0,0,64.2666666666667,0,0,0,0,0,0,0,0,0,0,0,0.266666666666667,0,0,0,0.266666666666667,0,0,0,0.266666666666667,0,0,0,0,0,0,2.93333333333333,0,0,0,0.266666666666667,0,1.06666666666667,0,0,0,0,0,0,0,0
"puntamono_t3.rndpts.csv","Chichiriviche","Punta Mono","t3","CHI","Continental","Center",0,0,0,0,0,0,0,0,0,1.6,0,0,7.46666666666667,0,0,0,0,0,0,0,1.06666666666667,0,0,0.533333333333333,0,0,0,0,0,0,0.533333333333333,0,0,0,0.266666666666667,0,0,0,0,0,0,0,0,0,0,0,8.53333333333333,0,3.2,0,0,0.533333333333333,0,0,3.2,0.266666666666667,0.533333333333333,0,0,0,0,0,0,0,0,0,0,0,0,0,0.266666666666667,9.86666666666667,56.5333333333333,0,0,0,0,0,0,0,0,0,0,0,0,0,0,0,0,0,0,0,0,0,0,0,0,0,0,0,0,0,0,2.13333333333333,3.2,0.266666666666667,0,0,0,0,0,0,0,0
"puntamono_t4.rndpts.csv","Chichiriviche","Punta Mono","t4","CHI","Continental","Center",0,0,0,0,0,0,0,0,0,0,0.266666666666667,0.266666666666667,9.86666666666667,0,0,0,0,0.266666666666667,0,0,0.266666666666667,0,0,0,0,0,0,0,0,0,1.86666666666667,0,0,0,0,0,0,0,0,0,0,0,0,0.266666666666667,0,0,3.46666666666667,0,2.13333333333333,0,0,0,0,0,0,1.86666666666667,0.8,2.66666666666667,0,0,0,0,0,0,0,0,0,0,0.8,0,0,0.266666666666667,72,0,0,0,0,0,0,0,0,0,0,0,0,0,0,0,0,0,0,0,0.266666666666667,0,0,0,0.266666666666667,0,0,0.266666666666667,0,0,0,0,0.533333333333333,1.06666666666667,0,0,0,0,0,0,0,0.533333333333333
"rabusqui_t1.rndpts.csv","Los Roques","Pelona de Rabusqui","t1","LRQ","Insular","West",0,0,0,0,0,0,0,0.285714285714286,0,0,0,0,0,0,0,0,0,0,0,0.285714285714286,0,0,0,0,2,48,0,0,0,0,0,0,0,0,0,0,0,0,0,0,0,0,6.57142857142857,0.857142857142857,0,0,0.857142857142857,0,0.285714285714286,0,0,0.857142857142857,2.85714285714286,0,4.28571428571429,0,0,0,0,0,1.71428571428571,0.285714285714286,0,0,0,0.285714285714286,0,0.285714285714286,0,0,0,1.14285714285714,23.1428571428571,0,0,0,0,0,0,0,0,0,0,0,0,0,0,0,0,0,0,0,0.285714285714286,0,0,0,0,0,0.571428571428571,1.42857142857143,0,0,0,0,0,3.71428571428571,0,0,0,0,0,0,0,0
"rabusqui_t2.rndpts.csv","Los Roques","Pelona de Rabusqui","t2","LRQ","Insular","West",0,0,0,0,0,0,0,0.266666666666667,0,0,0,0,0.266666666666667,0.266666666666667,0,0,0,0,0,1.06666666666667,0,0,0,0,2.4,31.2,0,4.8,0,0,0,0,0,0,0,0,0,0,0,0.266666666666667,0,0,4.53333333333333,0.8,0,0,0.8,0,0,2.66666666666667,0,0.266666666666667,0.266666666666667,0,6.4,0,0,0,0,0,0.533333333333333,0,0,0,0,0,0,0.266666666666667,0.8,0,1.6,2.4,22.6666666666667,0,0,0,0,0.266666666666667,0,0.266666666666667,0,0,0,0,0.8,0,0,0,0,0,0,0,0.8,0,0,0,0,0,2.66666666666667,5.86666666666667,0,0,0.8,0,0,4,0,0,0,0,0,0,0,0
"rabusqui_t3.rndpts.csv","Los Roques","Pelona de Rabusqui","t3","LRQ","Insular","West",0,0,0,0,0,0,0,0.266666666666667,0,0,0,0,0,0,0,0,0,0,0.533333333333333,2.93333333333333,0,0,0,0,9.86666666666667,34.6666666666667,0,0,0,0,0,0,0,0,0,0,0,0,0,0,0,0,2.13333333333333,0,0,0,0,0,0,3.46666666666667,0,0.266666666666667,2.66666666666667,0,2.13333333333333,0,0.533333333333333,0,0,0.266666666666667,0.8,0,0,0,0,0,0,0,0.266666666666667,0,0.533333333333333,0.266666666666667,30.4,0,0,0,0,0,0,0,0,0,0,0,0,0,0,0,0,0,0,0,5.06666666666667,0,0,0.533333333333333,0.533333333333333,0,0,1.33333333333333,0,0,0.266666666666667,0,0,0.266666666666667,0,0,0,0,0,0,0,0
"rabusqui_t4.rndpts.csv","Los Roques","Pelona de Rabusqui","t4","LRQ","Insular","West",0,0,0,0,0,0,0,2.76923076923077,0,0,0,0,0,0,0,0,0,0,0,4.30769230769231,0,0,0,0,0,40.3076923076923,0,0,0,0,0.615384615384615,0,0,0,0,0,0,0,0,0,0,0,0,0,0,0,0.923076923076923,0,0,3.38461538461538,0,0.615384615384615,1.23076923076923,0.615384615384615,2.46153846153846,0,0,0,0,0,0,0.307692307692308,0,0,0,0,0,0.307692307692308,0.307692307692308,0,0.615384615384615,1.84615384615385,30.1538461538462,0,0,0,0,0,0,0,0,0,0,0,0,0,0,0,0,0.307692307692308,0,0,2.15384615384615,0,0,0,0.615384615384615,0,2.46153846153846,3.38461538461538,0,0,0.307692307692308,0,0,0,0,0,0,0,0,0,0,0
"real_t1.rndpts.csv","Los Frailes","Puerto Real","t1","LFR","Insular","East",0,0,0,0,0,0,0,0.266666666666667,0,0,0.533333333333333,0,15.2,0,0,0,0,0,0,0,0,0,0,0,0,0,0,0,0,0,0,0,0,0,0,0,0,0,0,0,0,0,0,0,0,0,0,0,0,2.13333333333333,0,0,0,0,2.13333333333333,0,0,9.6,0,0,0,0,0,0,0,0,0,1.06666666666667,0,0,0,1.86666666666667,32,0,0,3.46666666666667,0.266666666666667,2.13333333333333,0,0,0,0,0,0.8,0,0,0,0,0,0,0,0,0,0,0,0,0,0,1.86666666666667,18.9333333333333,0,0,0,0,0,0,0,0,0,0,0,0,7.73333333333333,0
"real_t2.rndpts.csv","Los Frailes","Puerto Real","t2","LFR","Insular","East",0,0,0,0,0,0,0,0,0,0,0.533333333333333,0,4,0,0,0,0,0,0,0,0,0,0,0,0,0,0,0,0,0,0,0,0,0,0.266666666666667,0,0,0,0,0,0,0,0,0,0,0,4.53333333333333,0,0,0.266666666666667,0,0.266666666666667,0,0.8,2.4,0,0,1.6,0,0,0,0,0,0,0,0,0,0.533333333333333,1.86666666666667,0,0,6.13333333333333,45.0666666666667,0,0,0,0,0,0,0,0,0,0,0,6.4,0,0,0,0,0,0,0,5.06666666666667,0,0.266666666666667,0,0.266666666666667,0,5.33333333333333,12.2666666666667,0,0,1.06666666666667,0,0,0,0,0,0,0,0,0,1.06666666666667,0
"real_t3.rndpts.csv","Los Frailes","Puerto Real","t3","LFR","Insular","East",0,0,0,0,0,0,0,0,0,0,0.533333333333333,0,2.13333333333333,0,0,0,0,0,0,0,0,0,0,0,0,0,0,0,0,0,0,0,0,0,0.266666666666667,0,0,0,0,0,0,0,0,4,0,0,4.8,0,0,4.26666666666667,0,2.66666666666667,0,0,1.06666666666667,0,0,11.7333333333333,0,0,0,0,0,0,0,0,0,0,3.2,0,0.533333333333333,9.6,26.6666666666667,0,0,0,0,0,0,0,0,0,0,0,0.533333333333333,0.533333333333333,0,0,0,0,0,0,2.4,0,0,0,0,0,1.06666666666667,17.8666666666667,0.266666666666667,0,0.533333333333333,0,0,0,0,0,0,0,0,0,5.33333333333333,0
"real_t4.rndpts.csv","Los Frailes","Puerto Real","t4","LFR","Insular","East",0,0,0,0,0,0,0.533333333333333,0,0,0,0.533333333333333,0,0.8,0,0,0,0,0,0,0,0,0,0,0,0,0,0,0,0,0,0,0,0,0,0,0,0,0,0,0,0,0,0,0,0,0,5.06666666666667,0.266666666666667,0,2.66666666666667,0,2.4,0,0,6.13333333333333,0,0,1.06666666666667,0,0.533333333333333,0.266666666666667,0,0,0,0,0,0,0,1.06666666666667,0,0,4.53333333333333,48.2666666666667,0,0,0.266666666666667,0,0,0,0,0,0,0,0,0,0,0,0,0,0,0,0,0.8,0,0,0,0.266666666666667,0,6.13333333333333,13.0666666666667,0,0,0.533333333333333,0,0,0,0,0,0,0,0,0,4.8,0
"salinas_t1.rndpts.csv","Los Roques","Salinas","t1","LRQ","Insular","West",0,0,0,0,0,0,0,0,0,0,1.0989010989011,0,1.0989010989011,0,0,0,0,0,0,0,1.37362637362637,0,0,3.02197802197802,0.824175824175824,3.84615384615385,0,0,0,0,4.12087912087912,0,0,0,0.274725274725275,0,0,0,0,0,0,0,0.274725274725275,1.0989010989011,1.0989010989011,0,11.5384615384615,0.274725274725275,5.49450549450549,3.2967032967033,0,0.549450549450549,0,0,3.02197802197802,0,0,0.274725274725275,0,0,0,0,0,0,0,0,0,0,0,0,0,0.549450549450549,36.8131868131868,0,0,0,0,3.57142857142857,0,0,0,0,0,0,0,0,0,0,0,0,0,0,0,0,0,0.549450549450549,0,0,1.37362637362637,12.3626373626374,0,0,0,0,0,1.0989010989011,1.0989010989011,0,0,0,0,0,0,0
"salinas_t2.rndpts.csv","Los Roques","Salinas","t2","LRQ","Insular","West",0,0,0,0,0,0,0,0,0,0,0,0,0.826446280991736,0,0,0,0,0,0,0,2.20385674931129,0,0,1.65289256198347,0,0.550964187327824,0,0,0,0,6.06060606060606,0,0,0,0,0,0,0,0,0,0,0,0,0.275482093663912,1.10192837465565,0,17.0798898071625,0,2.47933884297521,2.75482093663912,0,0,0,0,1.92837465564738,0,0,0.275482093663912,0,0,0,0,0,0,0,0,0,0.275482093663912,0,0,0,0.275482093663912,41.8732782369146,0,0,0,0,4.95867768595041,0,0,0,0,0,0,0,0,0,0,0,0,0,0,0,0,0,0,0,0,3.58126721763085,10.4683195592287,0,0,0.550964187327824,0,0,0.826446280991736,0,0,0,0,0,0,0,0
"salinas_t3.rndpts.csv","Los Roques","Salinas","t3","LRQ","Insular","West",0,0,0,0,0,0,0,0,0,0,0.547945205479452,0,0,0,0,0,0,0,0,0.547945205479452,0,0,0,0,0,7.67123287671233,0,0,0,0,1.36986301369863,0,0,0,0,0,0,0,0,0.273972602739726,0,0,0,0.821917808219178,0,0,9.31506849315068,0,2.19178082191781,3.56164383561644,0,2.19178082191781,0,0,0.821917808219178,0,0,0,0,0,0,0,0,0,0,0,0,0.273972602739726,0,0,0,1.0958904109589,34.7945205479452,0,0,0,0,3.28767123287671,0,0,0,0,0,0,0,0,0,0,0,0,0,0,0.821917808219178,0,0,0,0,0,8.49315068493151,20,0,0,1.0958904109589,0,0,0.821917808219178,0,0,0,0,0,0,0,0
"salinas_t4.rndpts.csv","Los Roques","Salinas","t4","LRQ","Insular","West",0,0,0,0,0,0,0,0,0,0,0,0,2.4,0,0,0,0,0,0.533333333333333,0,1.06666666666667,0,0.266666666666667,2.13333333333333,0,1.33333333333333,0,0,0,0.266666666666667,0.533333333333333,0,0,0,0,0,0,0,0,0.266666666666667,0,0,0.266666666666667,0,0,0,6.4,0,4.53333333333333,3.46666666666667,0,0.8,0,0,0.8,0,0,0,0,0,0,0,0,0,0,0,0,0,0.266666666666667,0,0,0.533333333333333,24,0,0,0,0,0.266666666666667,0,0,0,0,0,0,1.6,0,0,0,0,0,0,0,0,0,0,0,0,0,17.0666666666667,31.2,0,0,0,0,0,0,0,0,0,0,0,0,0,0
"sombrero_t1.rndpts.csv","Morrocoy","Sombrero","t1","MOR","Continental","West",0,0,0,0,0,0,0,0,0,0,1.63934426229508,0,0,0,0.273224043715847,0,0,0,0,9.2896174863388,0,0,0,1.09289617486339,0,6.01092896174863,0,0,0,0,0,0,0,0,0,0,0,0,0.273224043715847,0,0.546448087431694,0,0.273224043715847,1.91256830601093,0,0,0.273224043715847,0,0,4.6448087431694,0,0,1.09289617486339,0,0.273224043715847,0,0,0,0,0,0,0.819672131147541,0,0,0,0,0,2.18579234972678,0.273224043715847,0,1.63934426229508,0,30.8743169398907,0,0,0,0,0,0,0,0,0,0,0,0,0,0,0,0,0,0,0,0,0,0,0,0,0,1.91256830601093,33.3333333333333,0,0,1.36612021857923,0,0,0,0,0,0,0,0,0,0,0
"sombrero_t2.rndpts.csv","Morrocoy","Sombrero","t2","MOR","Continental","West",0,0,0,0,0,0,0,0,0,0,0.808625336927224,0,2.96495956873315,0,1.88679245283019,0,0,0,0,9.70350404312669,0,0,0,1.34770889487871,0,7.27762803234501,0,0,0,0,0,0,0,0,0,0,0,0,0,0.269541778975741,0,0,0,0,0,0,0,0,0.808625336927224,13.7466307277628,0,0.539083557951482,0,0,0,0,0,0,0,0,0,0.808625336927224,0,0,0.539083557951482,0,0,1.61725067385445,0.269541778975741,0,1.34770889487871,0,40.7008086253369,0,0,0,0,0,0,0,0,0,0,0,0,0,0,0,0,0,0,0,0.269541778975741,0,0,0,0,0,0.539083557951482,14.0161725067385,0,0,0.539083557951482,0,0,0,0,0,0,0,0,0,0,0
"sombrero_t3.rndpts.csv","Morrocoy","Sombrero","t3","MOR","Continental","West",0,0,0,0,0,0,0,1.06951871657754,0,0,1.60427807486631,0,0.53475935828877,0,0,0,0,0,0,10.6951871657754,0,0,0,0,0,9.09090909090909,0,0,0,0,0,0,0,2.40641711229947,0.267379679144385,0,0,0,0,0,0,0,0,0,0,0,0.267379679144385,5.88235294117647,0.267379679144385,9.89304812834225,0.267379679144385,0,0.267379679144385,0,0.267379679144385,0,0,0,0,0,0,0.267379679144385,0,0,0,0,0,0.267379679144385,0,0,2.94117647058824,0,35.5614973262032,0,0,0,0,0,0,0,0,0,0,0,0,0,0,0,0,0,0,0,0,0,0,0,0,0,2.67379679144385,13.6363636363636,0,0,1.33689839572193,0,0,0.53475935828877,0,0,0,0,0,0,0,0
"sombrero_t4.rndpts.csv","Morrocoy","Sombrero","t4","MOR","Continental","West",0,0,0,0,0,0,0,0.2710027100271,0,0,1.0840108401084,0,0.5420054200542,0,0,0,0,0,0.2710027100271,21.1382113821138,0,0,0,0,0,17.0731707317073,0,0.2710027100271,0,0,0.2710027100271,0,0,0,0,0,0,0,0,0,0,0,0,0,0,0,0,0,5.42005420054201,0.2710027100271,0,0.2710027100271,0,0,0.5420054200542,0,0,0,0,0,0,0.2710027100271,0,0,0,0,0,1.8970189701897,1.0840108401084,0,0,0,33.3333333333333,0,0,0,0,0,0,0,0,0,0,0,0,0,0,0,0,0,0,0,0.2710027100271,0,0,0,0,0,7.04607046070461,6.77506775067751,0,0,1.0840108401084,0,0,0.813008130081301,0,0,0,0,0,0,0,0
"sur_t1.rndpts.csv","Morrocoy","Sur","t1","MOR","Continental","West",0,0,0,0,0,0,0,0,0,0,0,0,0.72992700729927,0,0,0,0,0,0,15.3284671532847,0,0,0,0,0,37.956204379562,0,0,0,0,0,0,0,0,0,0,0,0,0,0,0,0,0,0,0,0,0,0,0,0,0,0,0,0,0.72992700729927,0,0,0,0,0,0,0,0,0,0,1.09489051094891,0,0,0,0,0,0,39.0510948905109,0,0,0,0,0.72992700729927,0,0,0,0,0.364963503649635,0,0,0,0,0,0,0,0,0,0,0,0,0,0,0,0,0,0,0,3.64963503649635,0,0,0.364963503649635,0,0,0,0,0,0,0,0
"sur_t2.rndpts.csv","Morrocoy","Sur","t2","MOR","Continental","West",0,0,0,0,0,0,0,0,0,0,0,0,0.29673590504451,0,0,0,0,0,0.29673590504451,0.890207715133531,0,0,0,0,0,35.3115727002967,0,0,0,0,0,0,0,0,0,0,0,0,0,0.29673590504451,0,0,0,0,0,0,0,0,0,0,0,0,0,0,0,0,0,0,0,0,0,0,0,0,0,0,0,0.29673590504451,0.29673590504451,0,0,0,53.7091988130564,0,0,0,0,0.890207715133531,0,0,0,0,0,0,0,0,0,0,0,0,0,0,0,0,0,0,0,0,0,6.52818991097923,0,0,1.18694362017804,0,0,0,0,0,0,0,0,0,0,0
"sur_t3.rndpts.csv","Morrocoy","Sur","t3","MOR","Continental","West",0,0,0,0,0,0,0,0.343642611683849,0,0,0.343642611683849,0,0,0,0,0,0,0,0,8.59106529209622,0,0,0,0,3.09278350515464,24.7422680412371,0,0,0,0,0,0,0,0.687285223367698,0.343642611683849,0,0,0,0,0,0,0,0,0,0,0,0,0,0,0,0,0,0.343642611683849,0,1.3745704467354,0.343642611683849,0,0,0,0,0.343642611683849,0,0,0,0,0,0,0,0,0,0,0,28.5223367697595,0,0,0,0,1.3745704467354,0,0,0,0,0,0,0,0,0,0,0,0,0,0,1.03092783505155,0,0,0,0,0,0,24.7422680412371,0,0,3.43642611683849,0,0,0.343642611683849,0,0,0,0,0,0,0,0
"sur_t4.rndpts.csv","Morrocoy","Sur","t4","MOR","Continental","West",0,0,0,0,0,0,0,0,0,0,0.420168067226891,0,0.420168067226891,0,0,3.36134453781513,0,0,0.420168067226891,4.20168067226891,0,0,0,0,0,44.9579831932773,0,0,0,0,0,0,0,0,0,0,0,0,0,0,0,0,0,0,0,0,0,0,0,0,0,0,0,0,1.26050420168067,0.420168067226891,0,0,0,0,0,0,0,0,0,0.420168067226891,0,0,0,0,0,0,23.5294117647059,0,0,0,0,11.7647058823529,0,0,0,0,0,0,0,0,0,0,0,0,0,0,0,0,0,0,0,0,5.04201680672269,2.52100840336134,0,0,0.840336134453782,0,0,0.420168067226891,0,0,0,0,0,0,0,0
"venada_t1.rndpts.csv","Los Roques","La Venada","t1","LRQ","Insular","West",26.6666666666667,0,0,0,0,0,0,0,0,0,0,0,0.533333333333333,0,0,0,0,0,1.06666666666667,0,0,0,0,0,0,0,0,0,0,0,0,0,0,0,0,0,0,0,0,0,0,0,0,0,0,0,0,0,0,0,0,0,0,0,1.06666666666667,0,0,0,0,0,0,0,0,0,0,0,0,0.266666666666667,0,0,0,0,12,0,0,0,0,0,0,0,0,0,0,0,0,0,0,0,0,0,0,0,0,0,0,0,0,0,54.9333333333333,0.266666666666667,0,0,0,0,0,0.266666666666667,2.93333333333333,0,0,0,0,0,0,0
"venada_t2.rndpts.csv","Los Roques","La Venada","t2","LRQ","Insular","West",28.2666666666667,0,0,0,0,0,0,0.266666666666667,0,0,0,0,0,0,0,0,0,0,0,0,0,0,0,0,0,0,0,0,0,0,0,0,0,0,0,0,0,0,0,0,0,0,0,0,0,0,0,0,0,0,0,0,0,0,0.533333333333333,0,0,0,0,0,0,0,0,0,0,0,0,0,0,0,0,0,7.46666666666667,0,0,0,0,0,0,0,0,0,0,0,0,0,0,0,0,0,0,0,0.266666666666667,1.86666666666667,0,0,0,0,57.0666666666667,1.33333333333333,0,0,0,0,0,0,2.93333333333333,0,0,0,0,0,0,0
"venada_t3.rndpts.csv","Los Roques","La Venada","t3","LRQ","Insular","West",17.8666666666667,0,0,0,0,0,0,0,0,0,0,0,0,0,0,0,0,0.266666666666667,0,0,0,0,0,0,0,0,0,0,0,0,0,0,0,0,0,0,0,0,0,0,0,0,1.86666666666667,0,0,0,0,0,0,0,0,0,0,0,1.06666666666667,0.266666666666667,0,0,0,0,0,0,0,0,0,0,0,4.26666666666667,2.13333333333333,0,0.8,2.93333333333333,21.3333333333333,0,0,0,0,0,0,0,0,0,0,0,0.266666666666667,0,0,0,0,0,0,0,0.533333333333333,0.266666666666667,0,0,0,0,34.9333333333333,9.06666666666667,0.8,0.266666666666667,0,0,0,1.06666666666667,0,0,0,0,0,0,0,0
"venada_t4.rndpts.csv","Los Roques","La Venada","t4","LRQ","Insular","West",27.2,0,0,0,0,0,0,0,0,0,0,0,0,0,0,0,0,0,0,0,0,0,0,0,0,0,0,0,0,0,0,0,0,0,0,0,0,0,0,0,0,0,0,0,0,0,0,0,0,0,0,0,0,0,2.93333333333333,0,0,0,0,0,0,0,0,0,0,0,0,0,0,0,0,0,10.6666666666667,0,0,0,0,0,0,0,0,0,0,0,0,0,0,0,0,0,0,0,0,2.93333333333333,0,0,0,0,54.6666666666667,1.06666666666667,0,0,0,0,0,0,0.533333333333333,0,0,0,0,0,0,0
