"Locality","Site","InsularCoast","Position","Branching","Plate","Foliose","Massive","Pillar","Solitary.Other","Encrusting","Knobby","Flower.Cup","latitude","longitude","Aeropuerto.d","Aeropuerto.t","Atracadero.d","Atracadero.t","Canal.d","Canal.t","Ciudad.d","Ciudad.t","Industria.Minera.d","Laguna.d","Laguna.t","Petroquimica.d","Petroquimica.t","Pueblo.d","Pueblo.t","Puerto.d","Puerto.t","Quebrada.Seca.d","Quebrada.Seca.t","Quebrada.d","Quebrada.t","Refineria.d","Refineria.t","Rio.Seco.d","Rio.Seco.t","Rio.d","Rio.t","Salina.d","Salina.t","Termoelectrica.d","Termoelectrica.t","Zona.Hipoxica.d","Zona.Hipoxica.t","AbsorCoeffPhytoplank.Min","AbsorCoeffPhytoplank.Q1","AbsorCoeffPhytoplank.Median","AbsorCoeffPhytoplank.Mean","AbsorCoeffPhytoplank.Q3","AbsorCoeffPhytoplank.Max","AbsorCoeffPhytoplank.Sd","AbsorCoeffPhytoplank.Kurtosis","AbsorCoeffPhytoplank.Skewness","AbsorCoeffNonAlgalMat.Min","AbsorCoeffNonAlgalMat.Q1","AbsorCoeffNonAlgalMat.Median","AbsorCoeffNonAlgalMat.Mean","AbsorCoeffNonAlgalMat.Q3","AbsorCoeffNonAlgalMat.Max","AbsorCoeffNonAlgalMat.Sd","AbsorCoeffNonAlgalMat.Kurtosis","AbsorCoeffNonAlgalMat.Skewness","AerosolAngstromExp.Min","AerosolAngstromExp.Q1","AerosolAngstromExp.Median","AerosolAngstromExp.Mean","AerosolAngstromExp.Q3","AerosolAngstromExp.Max","AerosolAngstromExp.Sd","AerosolAngstromExp.Kurtosis","AerosolAngstromExp.Skewness","AerosolOpticalThickness.Min","AerosolOpticalThickness.Q1","AerosolOpticalThickness.Median","AerosolOpticalThickness.Mean","AerosolOpticalThickness.Q3","AerosolOpticalThickness.Max","AerosolOpticalThickness.Sd","AerosolOpticalThickness.Kurtosis","AerosolOpticalThickness.Skewness","ChlorophyllaConcent.Min","ChlorophyllaConcent.Q1","ChlorophyllaConcent.Median","ChlorophyllaConcent.Mean","ChlorophyllaConcent.Q3","ChlorophyllaConcent.Max","ChlorophyllaConcent.Sd","ChlorophyllaConcent.Kurtosis","ChlorophyllaConcent.Skewness","ParticInorganicCarbon.Min","ParticInorganicCarbon.Q1","ParticInorganicCarbon.Median","ParticInorganicCarbon.Mean","ParticInorganicCarbon.Q3","ParticInorganicCarbon.Max","ParticInorganicCarbon.Sd","ParticInorganicCarbon.Kurtosis","ParticInorganicCarbon.Skewness","NormFluorescenceLH.Min","NormFluorescenceLH.Q1","NormFluorescenceLH.Median","NormFluorescenceLH.Mean","NormFluorescenceLH.Q3","NormFluorescenceLH.Max","NormFluorescenceLH.Sd","NormFluorescenceLH.Kurtosis","NormFluorescenceLH.Skewness","PartiBackscatteringCoef.Min","PartiBackscatteringCoef.Q1","PartiBackscatteringCoef.Median","PartiBackscatteringCoef.Mean","PartiBackscatteringCoef.Q3","PartiBackscatteringCoef.Max","PartiBackscatteringCoef.Sd","PartiBackscatteringCoef.Kurtosis","PartiBackscatteringCoef.Skewness","PhotosyntheticRadiation.Min","PhotosyntheticRadiation.Q1","PhotosyntheticRadiation.Median","PhotosyntheticRadiation.Mean","PhotosyntheticRadiation.Q3","PhotosyntheticRadiation.Max","PhotosyntheticRadiation.Sd","PhotosyntheticRadiation.Kurtosis","PhotosyntheticRadiation.Skewness","RemoteReflectance.Min","RemoteReflectance.Q1","RemoteReflectance.Median","RemoteReflectance.Mean","RemoteReflectance.Q3","RemoteReflectance.Max","RemoteReflectance.Sd","RemoteReflectance.Kurtosis","RemoteReflectance.Skewness","SSTemperatureDay.Min","SSTemperatureDay.Q1","SSTemperatureDay.Median","SSTemperatureDay.Mean","SSTemperatureDay.Q3","SSTemperatureDay.Max","SSTemperatureDay.Sd","SSTemperatureDay.Kurtosis","SSTemperatureDay.Skewness","SSTemperatureNight.Min","SSTemperatureNight.Q1","SSTemperatureNight.Median","SSTemperatureNight.Mean","SSTemperatureNight.Q3","SSTemperatureNight.Max","SSTemperatureNight.Sd","SSTemperatureNight.Kurtosis","SSTemperatureNight.Skewness","ParticOrganicCarbon.Min","ParticOrganicCarbon.Q1","ParticOrganicCarbon.Median","ParticOrganicCarbon.Mean","ParticOrganicCarbon.Q3","ParticOrganicCarbon.Max","ParticOrganicCarbon.Sd","ParticOrganicCarbon.Kurtosis","ParticOrganicCarbon.Skewness","SeaLevelPreassure.Min","SeaLevelPreassure.Q1","SeaLevelPreassure.Median","SeaLevelPreassure.Mean","SeaLevelPreassure.Q3","SeaLevelPreassure.Max","SeaLevelPreassure.Sd","SeaLevelPreassure.Kurtosis","SeaLevelPreassure.Skewness","SeaSaltColumnDensity.Min","SeaSaltColumnDensity.Q1","SeaSaltColumnDensity.Median","SeaSaltColumnDensity.Mean","SeaSaltColumnDensity.Q3","SeaSaltColumnDensity.Max","SeaSaltColumnDensity.Sd","SeaSaltColumnDensity.Kurtosis","SeaSaltColumnDensity.Skewness","TwoMAirTemperature.Min","TwoMAirTemperature.Q1","TwoMAirTemperature.Median","TwoMAirTemperature.Mean","TwoMAirTemperature.Q3","TwoMAirTemperature.Max","TwoMAirTemperature.Sd","TwoMAirTemperature.Kurtosis","TwoMAirTemperature.Skewness","SurfaceWindSpeed.Min","SurfaceWindSpeed.Q1","SurfaceWindSpeed.Median","SurfaceWindSpeed.Mean","SurfaceWindSpeed.Q3","SurfaceWindSpeed.Max","SurfaceWindSpeed.Sd","SurfaceWindSpeed.Kurtosis","SurfaceWindSpeed.Skewness","SurfaceSoilWetness.Min","SurfaceSoilWetness.Q1","SurfaceSoilWetness.Median","SurfaceSoilWetness.Mean","SurfaceSoilWetness.Q3","SurfaceSoilWetness.Max","SurfaceSoilWetness.Sd","SurfaceSoilWetness.Kurtosis","SurfaceSoilWetness.Skewness","SurfaceTempLandInclude.Min","SurfaceTempLandInclude.Q1","SurfaceTempLandInclude.Median","SurfaceTempLandInclude.Mean","SurfaceTempLandInclude.Q3","SurfaceTempLandInclude.Max","SurfaceTempLandInclude.Sd","SurfaceTempLandInclude.Kurtosis","SurfaceTempLandInclude.Skewness","SO4SurfaceConcentration.Min","SO4SurfaceConcentration.Q1","SO4SurfaceConcentration.Median","SO4SurfaceConcentration.Mean","SO4SurfaceConcentration.Q3","SO4SurfaceConcentration.Max","SO4SurfaceConcentration.Sd","SO4SurfaceConcentration.Kurtosis","SO4SurfaceConcentration.Skewness","SO2SurfaceConcentration.Min","SO2SurfaceConcentration.Q1","SO2SurfaceConcentration.Median","SO2SurfaceConcentration.Mean","SO2SurfaceConcentration.Q3","SO2SurfaceConcentration.Max","SO2SurfaceConcentration.Sd","SO2SurfaceConcentration.Kurtosis","SO2SurfaceConcentration.Skewness","SeaSaltConcentration.Min","SeaSaltConcentration.Q1","SeaSaltConcentration.Median","SeaSaltConcentration.Mean","SeaSaltConcentration.Q3","SeaSaltConcentration.Max","SeaSaltConcentration.Sd","SeaSaltConcentration.Kurtosis","SeaSaltConcentration.Skewness","CarbonDioxide.Min","CarbonDioxide.Q1","CarbonDioxide.Median","CarbonDioxide.Mean","CarbonDioxide.Q3","CarbonDioxide.Max","CarbonDioxide.Sd","CarbonDioxide.Kurtosis","CarbonDioxide.Skewness","COChemicalProduction.Min","COChemicalProduction.Q1","COChemicalProduction.Median","COChemicalProduction.Mean","COChemicalProduction.Q3","COChemicalProduction.Max","COChemicalProduction.Sd","COChemicalProduction.Kurtosis","COChemicalProduction.Skewness","MethaneNight.Min","MethaneNight.Q1","MethaneNight.Median","MethaneNight.Mean","MethaneNight.Q3","MethaneNight.Max","MethaneNight.Sd","MethaneNight.Kurtosis","MethaneNight.Skewness","MethaneDay.Min","MethaneDay.Q1","MethaneDay.Median","MethaneDay.Mean","MethaneDay.Q3","MethaneDay.Max","MethaneDay.Sd","MethaneDay.Kurtosis","MethaneDay.Skewness","BlackCarbonSurface.Min","BlackCarbonSurface.Q1","BlackCarbonSurface.Median","BlackCarbonSurface.Mean","BlackCarbonSurface.Q3","BlackCarbonSurface.Max","BlackCarbonSurface.Sd","BlackCarbonSurface.Kurtosis","BlackCarbonSurface.Skewness","TotalLatentEnergyFlux.Min","TotalLatentEnergyFlux.Q1","TotalLatentEnergyFlux.Median","TotalLatentEnergyFlux.Mean","TotalLatentEnergyFlux.Q3","TotalLatentEnergyFlux.Max","TotalLatentEnergyFlux.Sd","TotalLatentEnergyFlux.Kurtosis","TotalLatentEnergyFlux.Skewness","IncidentShortwave.Min","IncidentShortwave.Q1","IncidentShortwave.Median","IncidentShortwave.Mean","IncidentShortwave.Q3","IncidentShortwave.Max","IncidentShortwave.Sd","IncidentShortwave.Kurtosis","IncidentShortwave.Skewness","UpwellingLongwave.Min","UpwellingLongwave.Q1","UpwellingLongwave.Median","UpwellingLongwave.Mean","UpwellingLongwave.Q3","UpwellingLongwave.Max","UpwellingLongwave.Sd","UpwellingLongwave.Kurtosis","UpwellingLongwave.Skewness","IncommingShortwave.Min","IncommingShortwave.Q1","IncommingShortwave.Median","IncommingShortwave.Mean","IncommingShortwave.Q3","IncommingShortwave.Max","IncommingShortwave.Sd","IncommingShortwave.Kurtosis","IncommingShortwave.Skewness","AirTemperature.Min","AirTemperature.Q1","AirTemperature.Median","AirTemperature.Mean","AirTemperature.Q3","AirTemperature.Max","AirTemperature.Sd","AirTemperature.Kurtosis","AirTemperature.Skewness","speed.cm.s.mean","speed.cm.s.sd","speed.cm.s.max","direction.deg.t.mean","speed.cm.s.min","direction.deg.t.sd"
"Mochima","Garrapata","Continental","East",0,0,0,99.7159090909091,0,0,0.28409090909091,0,0,10.381,-64.338,23.913,999,24.377,999,40.831,999,18.338,999,28.254,25.967,999,67.928,999,3.858,999,23.105,999,26.515,999,12.878,999,33.338,999,28.15,999,13.398,999,22.795,999,19.625,999,999,999,7.943,7.943,7.943,7.943,7.943,7.943,15.7684,2.7891,1.7081,15.85,15.85,15.85,15.85,15.85,15.85,36.2503,1.9843,1.5005,7.9,12.6,12.6,12.6,14.95,14.95,2.8782,-1.4,-0.6532,0.5,0.5,0.5,0.6,0.75,0.75,0.1369,-2.2533,0.2921,26.0728,501.5,739.98,811.8306,978.46,1813.14,661.2996,-1.5396,0.3411,6.0914,12.2163,23.5233,39.0946,44.9427,206.9624,46.1468,4.8198,1.974,3.4762,3.5189,3.5616,3.7528,3.891,4.2205,0.4073,-2.3333,0.366,15.85,15.85,15.85,15.85,15.85,15.85,9.0152,1.2332,1.0104,22.4751,38.6781,44.998,44.4705,49.9433,58.3305,7.2847,0.0426,-0.3865,0,0.0375,0.075,0.075,0.1125,0.15,0.1061,-2.75,0,24.9477,24.9477,24.9477,25.7497,27.14,27.14,1.0625,-1.7215,0.5468,21.71,21.71,21.71,22.7612,21.71,27.14,2.1526,0.3714,1.5358,6.31,31.435,51.455,43.08,63.1,63.1,26.8597,-1.9676,-0.4348,1.009,1.01,1.011,1.011,1.011,1.013,0.0012,-0.6525,0.346,3.124,3.124,36.48,28.206,36.48,69.84,20.85,-0.8079,0.1771,2.967,2.9783,2.987,2.9853,2.987,3.006,0.0114,-0.3386,-0.0231,3.086,3.8078,5.4474,5.0805,5.808,7.087,1.153,-1.1968,-0.0089,1.7404,4.529,5.722,5.5586,7.2306,8.6156,1.9077,-0.9063,-0.3717,2.9731,2.9835,2.9971,3.0019,3.0211,3.0346,0.0187,-0.9762,0.0457,6.983,6.983,6.983,6.983,6.983,6.983,0,17.4601,4.1523,1.745,1.745,1.745,1.745,1.745,1.745,0,30.16,5.5985,28.9,28.9,55.4,45.65,55.4,81.91,15.6733,-0.8957,0.2807,3.963,3.975,3.975,3.9742,3.975,3.975,0.0028,9.2841,-3.2683,8.853,8.853,8.853,8.899,8.853,9.773,0.2057,13.2925,3.8237,0.799,1.8133,1.8205,1.7938,1.8253,1.8447,0.1683,29.9621,-5.5718,0.813,1.8196,1.8245,1.7695,1.828,1.8339,0.2319,12.6578,-3.7821,8.346,8.346,14.71,13.6458,16.2975,21.06,5.3076,-1.6333,0.2693,25.75,44.84,44.84,52.7933,63.93,102.1,22.2283,-0.3137,0.817,1.026,2.121,2.216,2.1932,2.595,2.88,0.5746,-0.051,-0.9751,2.752,2.78,2.835,2.8438,2.89,2.946,0.0645,-1.2928,0.3232,1.026,2.121,2.216,2.1731,2.594,2.879,0.5771,-0.1447,-0.927,2.968,2.983,2.983,2.9872,2.998,2.998,0.01,-0.9796,-0.3205,4.5302,0.3723,4.7935,26.0921,4.267,1.3178
"Mochima","Gabarra","Continental","East",0,0,0,100,0,0,0,0,0,10.382,-64.338,23.878,999,24.29,999,40.884,999,18.286,999,28.313,25.922,999,67.984,999,3.969,999,23.001,999,26.432,999,12.845,999,33.389,999,28.067,999,13.485,999,22.692,999,19.593,999,999,999,7.943,7.943,7.943,7.943,7.943,7.943,15.7785,2.8139,1.713,15.85,15.85,15.85,15.85,15.85,15.85,36.2257,1.9864,1.5005,7.9,12.6,12.6,12.6,14.95,14.95,2.8782,-1.4,-0.6532,0.5,0.5,0.5,0.6,0.75,0.75,0.1369,-2.2533,0.2921,26.0728,501.5,739.98,811.8306,978.46,1813.14,661.2996,-1.5396,0.3411,6.0868,12.2133,23.5457,39.1728,44.9915,207.674,46.2905,4.8307,1.9769,3.4762,3.5189,3.5616,3.7528,3.891,4.2205,0.4073,-2.3333,0.366,15.85,15.85,15.85,15.85,15.85,15.85,9.0163,1.2346,1.0115,22.6198,38.739,45.0436,44.5168,49.9738,58.3457,7.2675,0.0368,-0.3861,0,0.0375,0.075,0.075,0.1125,0.15,0.1061,-2.75,0,24.8875,24.8875,24.8875,25.7116,27.14,27.14,1.0916,-1.7215,0.5468,21.71,21.71,21.71,22.7597,21.71,27.14,2.1514,0.3784,1.538,6.31,31.435,51.455,43.08,63.1,63.1,26.8597,-1.9676,-0.4348,1.009,1.01,1.011,1.011,1.011,1.013,0.0012,-0.6521,0.346,3.124,3.124,36.48,28.2171,36.48,69.84,20.8566,-0.808,0.1772,2.967,2.9783,2.987,2.9854,2.987,3.006,0.0114,-0.3369,-0.0234,3.086,3.8109,5.4521,5.0857,5.8143,7.0933,1.155,-1.1975,-0.0092,1.738,4.5272,5.7244,5.5593,7.2353,8.618,1.9099,-0.9074,-0.3719,2.9732,2.9836,2.9972,3.002,3.0212,3.0348,0.0187,-0.9769,0.0469,6.983,6.983,6.983,6.983,6.983,6.983,0,17.4537,4.1515,1.745,1.745,1.745,1.745,1.745,1.745,0,30.16,5.5985,28.9,28.9,55.4,45.6606,55.4,81.91,15.6772,-0.8949,0.2805,3.963,3.975,3.975,3.9742,3.975,3.975,0.0028,9.2841,-3.2683,8.853,8.853,8.853,8.899,8.853,9.773,0.2057,13.2925,3.8237,0.799,1.8133,1.8205,1.7938,1.8253,1.8447,0.1683,29.9621,-5.5718,0.813,1.8196,1.8245,1.7695,1.828,1.8339,0.2319,12.6578,-3.7821,8.346,8.346,14.71,13.6458,16.2975,21.06,5.3076,-1.6333,0.2693,25.75,44.84,44.84,52.7933,63.93,102.1,22.2283,-0.3137,0.817,1.026,2.121,2.216,2.1932,2.595,2.88,0.5746,-0.051,-0.9751,2.752,2.78,2.835,2.8438,2.89,2.946,0.0645,-1.2928,0.3232,1.026,2.121,2.216,2.1731,2.594,2.879,0.5771,-0.1447,-0.927,2.968,2.983,2.983,2.9872,2.998,2.998,0.01,-0.9796,-0.3205,4.5337,0.3726,4.7972,26.1122,4.2703,1.3189
"Mochima","San Agustin","Continental","East",0,0,0,25,0,0,0,0,0,10.382,-64.347,24.813,999,24.857,999,40.022,999,19.162,999,27.488,26.828,999,67.136,999,4.049,999,23.362,999,27.091,999,13.789,999,32.521,999,28.733,999,12.899,999,23.09,999,20.539,999,999,999,6.7249,7.943,7.943,11.4443,15.2225,24.901,19.6538,-0.1127,1.1102,15.85,19.4864,20.6985,23.1096,20.6985,49.6847,35.6452,1.3719,1.7031,6.455,11.155,11.8775,11.7972,14.2275,14.95,3.1527,-1.223,-0.6482,0.4231,0.5769,0.6537,0.7358,0.9037,1.2112,0.2398,-1.4402,0.4228,25.4879,365.2134,560.5049,664.2807,829.5115,1629.8391,570.3743,-0.9981,0.6021,17.21,18.8924,20.5748,29.5476,35.7164,50.858,18.5319,-2.3333,0.3707,2.4075,3.2056,3.502,3.5568,4.0736,4.4259,0.8414,-2.021,0.0768,13.419,15.85,15.85,16.1186,15.85,20.6985,6.1679,1.237,1.2425,22.4617,38.8488,44.9937,44.5068,50.1169,58.1527,7.2831,0.0449,-0.3943,0,0.026,0.0981,0.1038,0.1701,0.2422,0.1254,-2.3884,0.0984,24.9532,24.9532,24.9532,25.7187,27.14,27.14,1.0475,-1.6236,0.6186,21.0152,21.71,21.71,22.7622,21.71,27.14,2.1668,0.3673,1.4901,6.31,24.2776,40.5083,35.8494,51.4231,55.9395,22.4308,-1.7402,-0.1416,1.009,1.01,1.011,1.011,1.011,1.013,0.0012,-0.5754,0.3358,3.124,3.124,36.48,30.1699,36.48,69.84,22.0118,-0.8315,0.2021,2.967,2.987,2.987,2.9879,2.987,3.006,0.0112,-0.0473,-0.0783,3.086,4.365,6.283,6.0032,6.922,8.201,1.4966,-1.324,-0.0691,1.32,4.214,6.142,5.687,8.071,9.036,2.3109,-1.0992,-0.4088,2.994,2.994,3.018,3.0199,3.042,3.066,0.0222,-1.0985,0.2566,6.983,6.983,6.983,6.983,6.983,6.983,0,13.8694,3.7434,1.745,1.745,1.745,1.745,1.745,1.745,0,30.16,5.5985,28.9,28.9,55.4,47.5224,55.4,81.91,16.3671,-0.7569,0.2549,3.9608,3.9748,3.975,3.9738,3.975,3.975,0.0034,7.5834,-2.9163,8.853,8.853,8.853,8.899,8.853,9.773,0.2057,13.2925,3.8237,0.799,1.8133,1.8205,1.7938,1.8253,1.8447,0.1683,29.9621,-5.5718,0.813,1.8196,1.8245,1.7695,1.828,1.8339,0.2319,12.6578,-3.7821,8.346,8.346,14.71,13.6458,16.2975,21.06,5.3076,-1.6333,0.2693,25.75,44.84,44.84,52.7933,63.93,102.1,22.2283,-0.3137,0.817,1.026,2.121,2.216,2.1932,2.595,2.88,0.5746,-0.051,-0.9751,2.752,2.78,2.835,2.8438,2.89,2.946,0.0645,-1.2928,0.3232,1.026,2.121,2.216,2.1731,2.594,2.879,0.5771,-0.1447,-0.927,2.968,2.983,2.983,2.9872,2.998,2.998,0.01,-0.9796,-0.3205,4.3939,0.3611,4.6492,25.3068,4.1386,1.2782
"Mochima","Carabela","Continental","East",0,0,0,50,0,0,0,0,0,10.387,-64.375,27.598,999,22.888,999,37.673,999,21.736,999,25.337,29.488,999,64.82,999,5.957,0.341,24.218,999,28.884,999,16.637,999,30.16,999,30.538,999,11.95,999,24.069,999,23.378,999,999,999,1.2421,7.943,13.383,20.9508,31.62,63.1,19.1416,-0.0924,1.0036,15.85,30.3899,31.62,49.7836,53.278,212.1055,44.9701,4.1395,2.0171,1.5832,7.9,10.25,10.1334,12.6,14.95,3.7384,-0.6239,-0.6034,0.25,0.75,1,1.0317,1.25,2.25,0.4553,0.6005,0.8162,24.1704,45.2255,104.3867,366.7781,401.0406,3404.3616,635.8605,10.381,2.8633,9.4816,15.0468,20.5748,25.4406,32.244,46.2281,14.7608,-1.8077,0.1941,0,0.78,2.4507,2.4761,3.9084,4.9653,1.8656,-1.4799,-0.086,7.943,15.85,15.85,18.2908,21.2748,31.62,7.3836,-0.2392,0.8592,32.1615,44.2785,48.4035,47.6359,52.9596,57.775,6.0623,-0.4111,-0.3665,0,0.1032,0.15,0.2099,0.3,0.5532,0.1731,-1.1603,0.3715,21.71,21.71,21.71,23.3516,27.14,27.14,2.5034,-1.2839,0.851,20.0189,21.71,21.71,22.7352,21.71,27.14,2.165,0.4856,1.4663,6.31,6.8857,11.8252,17.3998,18.7423,55.8334,13.2549,0.8307,1.2448,1.009,1.01,1.011,1.011,1.011,1.013,0.0012,-0.5754,0.3358,3.124,3.124,36.48,30.1699,36.48,69.84,22.0118,-0.8315,0.2021,2.967,2.987,2.987,2.9879,2.987,3.006,0.0112,-0.0473,-0.0783,3.086,4.365,6.283,6.0032,6.922,8.201,1.4966,-1.324,-0.0691,1.32,4.214,6.142,5.687,8.071,9.036,2.3109,-1.0992,-0.4088,2.994,2.994,3.018,3.0199,3.042,3.066,0.0222,-1.0985,0.2566,6.983,6.983,6.983,6.983,6.983,6.983,0,6.8659,2.9459,1.745,1.745,1.745,1.745,1.745,1.745,0,30.16,5.5985,28.9,28.9,55.4,47.5224,55.4,81.91,16.3671,-0.7569,0.2549,3.948,3.975,3.975,3.9735,3.975,3.975,0.005,15.8628,-3.8941,8.853,8.853,8.853,9.3498,9.773,11.61,0.7686,0.401,1.2601,0.799,1.8133,1.8205,1.7938,1.8253,1.8447,0.1683,29.9621,-5.5718,0.813,1.8196,1.8245,1.7695,1.828,1.8339,0.2319,12.6578,-3.7821,8.346,8.346,14.71,15.1027,21.06,33.78,6.241,0.2383,0.6731,25.75,44.84,44.84,49.4832,63.93,102.1,19.303,-0.1356,0.6168,1.026,2.121,2.311,2.2793,2.69,2.88,0.5178,0.9935,-1.2608,2.752,2.78,2.835,2.8457,2.89,2.946,0.0622,-1.3151,0.2339,1.026,2.121,2.31,2.279,2.689,2.879,0.5177,0.9951,-1.2614,2.968,2.983,2.998,2.9907,2.998,3.013,0.0104,-0.3318,-0.536,4.023,0.3306,4.2568,23.1708,3.7893,1.1703
"Mochima","Blanca","Continental","East",0,0.384615384615385,0,99.6153846153846,0,0,0,0,0,10.394,-64.335,23.172,0.917,23.042,1.47,41.822,999,17.403,0.639,29.322,25.113,0.956,68.948,999,5.323,0.429,21.637,999,25.22,999,12.195,0.41,34.316,999,26.861,999,14.747,0.652,21.336,999,18.938,0.689,999,999,6.0091,7.943,9.5489,11.4186,12.6789,26.4371,17.7529,1.2608,1.4503,15.144,20.6165,21.1377,26.1355,27.5314,52.7497,33.7221,0.8805,1.397,5.8468,11.0241,11.812,11.6455,14.162,15.4273,3.1494,-1.1526,-0.5454,0.4162,0.5838,0.6676,0.7555,0.9176,1.3037,0.2434,-1.143,0.465,24.9636,354.0052,535.3585,642.4201,774.8575,1803.9674,573.9178,0.3919,0.8962,10.9259,15.8317,26.0394,40.9551,41.73,189.7669,46.1655,1.8477,1.4935,2.3107,2.6695,3.0937,3.2377,3.7854,4.4671,0.8367,-1.9522,0.266,13.1988,15.85,15.85,17.2987,19.0529,21.1377,7.669,-0.5651,0.5022,26.69,40.8451,46.4292,45.9761,51.0913,58.5281,6.7227,-0.1136,-0.3796,0,0.0383,0.1001,0.1131,0.1754,0.2908,0.1268,-1.8435,0.2185,23.3222,23.3222,23.3222,24.6981,27.14,27.14,1.8417,-1.6823,0.5736,21.2062,21.71,21.71,22.7335,21.71,27.14,2.1402,0.5023,1.5457,5.837,23.6745,38.9943,34.6453,49.5376,60.0211,21.9227,-0.6086,0.156,1.009,1.01,1.011,1.011,1.011,1.013,0.0012,-0.6727,0.3487,3.124,3.124,36.48,27.6915,36.48,69.84,20.5457,-0.8017,0.1705,2.967,2.976,2.987,2.9847,2.987,3.006,0.0115,-0.4149,-0.0086,3.086,3.6618,5.2285,4.8388,5.5162,6.7952,1.063,-1.1635,0.0069,1.8506,4.6115,5.612,5.5249,7.0104,8.5054,1.802,-0.8558,-0.362,2.9676,2.9808,2.9916,2.9971,3.0156,3.0264,0.0177,-0.9441,-0.0096,6.983,6.983,6.983,6.983,6.983,6.983,0,18.8476,4.3103,1.745,1.745,1.745,1.745,1.745,1.745,0,30.16,5.5985,28.9,28.9,55.4,45.1595,55.4,81.91,15.4915,-0.932,0.2874,3.963,3.975,3.975,3.9742,3.975,3.975,0.0028,9.2841,-3.2683,8.853,8.853,8.853,8.899,8.853,9.773,0.2057,13.2925,3.8237,0.799,1.8133,1.8205,1.7938,1.8253,1.8447,0.1683,29.9621,-5.5718,0.813,1.8196,1.8245,1.7695,1.828,1.8339,0.2319,12.6578,-3.7821,8.346,8.346,14.71,13.6458,16.2975,21.06,5.3076,-1.6333,0.2693,25.75,44.84,44.84,52.7933,63.93,102.1,22.2283,-0.3137,0.817,1.026,2.121,2.216,2.1932,2.595,2.88,0.5746,-0.051,-0.9751,2.752,2.78,2.835,2.8438,2.89,2.946,0.0645,-1.2928,0.3232,1.026,2.121,2.216,2.1731,2.594,2.879,0.5771,-0.1447,-0.927,2.968,2.983,2.983,2.9872,2.998,2.998,0.01,-0.9796,-0.3205,4.6297,0.3805,4.8987,26.665,4.3607,1.3468
"Mochima","Punta Cruz","Continental","East",0,0,0,100,0,0,0,0,0,10.396,-64.368,26.614,999,24.133,999,38.857,999,20.667,999,26.561,28.442,999,66.005,999,6.34,999,22.969,999,27.647,999,15.713,999,31.344,999,29.301,999,13.164,999,22.814,999,22.431,999,999,999,1.6989,7.943,13.3469,19.5585,27.9715,63.1,18.124,0.705,1.2402,13.1992,30.372,31.62,47.5473,53.1346,169.5282,39.3751,2.5973,1.7192,1.5939,7.9,10.25,9.9812,12.6,15.7378,3.6416,-0.5491,-0.4878,0.25,0.75,1,1.0424,1.25,2.3078,0.4408,0.9341,0.837,23.2137,46.2744,107.9219,327.7017,375.8898,2785.3342,528.1559,8.9472,2.6773,9.8833,15.0503,20.8515,27.4191,34.1375,69.0875,18.4294,0.2955,0.8512,0,0.7914,2.0205,2.2407,3.6809,4.9647,1.8054,-1.3373,0.0815,7.943,15.85,15.85,19.2315,23.8823,34.8904,7.7801,0.1213,0.7893,32.9832,44.4151,48.5401,48.0463,53.1025,57.775,5.8807,-0.4195,-0.3664,0,0.1025,0.15,0.2103,0.3,0.6531,0.178,0.1771,0.7134,21.71,21.71,21.71,23.464,27.14,27.14,2.5438,-1.4257,0.7525,19.4312,21.71,21.71,22.718,21.71,27.14,2.1624,0.5706,1.4554,5.5292,6.8941,11.8519,16.9154,18.7845,55.7272,12.454,2.0918,1.4136,1.009,1.01,1.011,1.011,1.011,1.013,0.0012,-0.5754,0.3358,3.124,3.124,36.48,30.1699,36.48,69.84,22.0118,-0.8315,0.2021,2.967,2.987,2.987,2.9879,2.987,3.006,0.0112,-0.0473,-0.0783,3.086,4.365,6.283,6.0032,6.922,8.201,1.4966,-1.324,-0.0691,1.32,4.214,6.142,5.687,8.071,9.036,2.3109,-1.0992,-0.4088,2.994,2.994,3.018,3.0199,3.042,3.066,0.0222,-1.0985,0.2566,6.983,6.983,6.983,6.983,6.983,6.983,0,6.8659,2.9459,1.745,1.745,1.745,1.745,1.745,1.745,0,30.16,5.5985,28.9,28.9,55.4,47.5224,55.4,81.91,16.3671,-0.7569,0.2549,3.951,3.975,3.975,3.9736,3.975,3.975,0.0046,14.2198,-3.73,8.853,8.853,8.853,9.3498,9.773,11.61,0.7686,0.401,1.2601,0.799,1.8133,1.8205,1.7938,1.8253,1.8447,0.1683,29.9621,-5.5718,0.813,1.8196,1.8245,1.7695,1.828,1.8339,0.2319,12.6578,-3.7821,8.346,8.346,14.71,14.8127,21.06,33.78,6.2306,0.5762,0.8206,25.75,44.84,44.84,49.4832,63.93,102.1,19.303,-0.1356,0.6168,1.026,2.121,2.311,2.2793,2.69,2.88,0.5178,0.9935,-1.2608,2.752,2.78,2.835,2.8457,2.89,2.946,0.0622,-1.3151,0.2339,1.026,2.121,2.31,2.279,2.689,2.879,0.5177,0.9951,-1.2614,2.968,2.983,2.998,2.9907,2.998,3.013,0.0104,-0.3318,-0.536,4.1269,0.3391,4.3667,23.769,3.8871,1.2005
"Ocumare","Cienaga interno","Continental","Center",0,0,0.36764705882353,99.0085011346853,0,0,0.62385180649112,0,0,10.475,-67.809,28.561,999,7.4,999,21.964,999,4.409,999,999,4.94,999,43.039,999,7.815,999,5.483,999,89.736,999,5.288,999,34.108,999,999,999,33.061,999,999,999,37.979,999,63.337,999,0.2308,4.0916,7.6828,9.8516,9.0908,76.6988,12.9811,13.8795,3.3007,8.5887,16.4307,25.4811,29.8966,37.6079,99.3958,20.8641,3.5175,1.5533,5.55,7.9,10.25,10.25,12.6,14.95,6.6468,-2.75,0,1,1.375,1.75,1.75,2.125,2.5,1.0607,-2.75,0,351.38,418.72,486.06,486.06,553.4,620.74,190.4663,-2.75,0,8.4496,13.7017,20.4283,35.4782,36.9521,183.2174,46.1197,5.3453,2.4116,0,0.0101,0.0925,0.5978,0.6019,3.726,1.0361,2.0716,1.7119,5.7366,11.7065,15.85,17.6875,17.5714,77.882,11.8522,12.8967,2.9377,28.8925,43.3325,46.0825,46.4345,50.2079,57.775,5.6506,0.0647,-0.4379,0.15,0.15,0.15,0.15,0.15,0.15,0.1603,-0.0936,0.7189,21.71,21.71,27.14,24.6536,27.14,27.14,2.7263,-1.9998,-0.1659,21.71,21.71,21.71,23.7782,27.14,27.14,2.6056,-1.6079,0.5056,25.12,25.12,25.12,25.12,25.12,25.12,5.7202,6.2434,2.1538,1.007,1.01,1.01,1.01,1.011,1.013,0.0013,1.1274,-0.3545,3.124,3.124,3.124,16.6467,36.48,36.48,16.6027,-1.9128,0.3698,2.948,2.967,2.987,2.9774,2.987,2.987,0.0128,-0.4451,-0.8899,3.086,3.086,4.365,4.4448,5.644,6.922,1.3757,-1.4177,0.3327,1.32,3.249,4.214,4.2939,5.178,6.142,1.2912,-0.8687,-0.2169,2.946,2.994,2.994,2.9914,2.994,3.018,0.0186,0.0579,-0.5221,58.12,109.3,160.4,141.0605,160.4,211.5,34.8173,-0.0752,-0.432,198.9,396.1,396.1,449.3568,593.2,790.4,151.6332,-0.7884,-0.119,2.398,28.9,28.9,23.1698,28.9,55.4,12.7023,-0.1101,-0.5552,3.951,3.975,3.975,3.9729,3.975,3.975,0.0054,6.3132,-2.6433,8.853,9.773,9.773,10.2692,10.69,12.53,0.8551,0.5799,1.194,0.799,1.8133,1.8196,1.7652,1.8253,1.842,0.2343,12.6274,-3.7758,0.813,0.813,1.8154,1.4665,1.8231,1.832,0.4876,-1.6862,-0.5975,8.346,14.71,27.42,23.7882,27.42,40.14,9.0291,-0.7366,0.141,25.75,44.84,63.93,60.8338,63.93,121.2,21.8176,0.0929,0.6341,1.026,2.026,2.311,2.1908,2.595,2.88,0.5339,0.409,-1.0891,2.752,2.78,2.808,2.8308,2.863,2.946,0.063,-0.907,0.6881,1.026,2.026,2.31,2.1905,2.594,2.879,0.5337,0.4104,-1.0897,2.952,2.968,2.983,2.9797,2.983,2.998,0.013,-0.4189,-0.4216,28.5369,10.6108,58.4905,191.9914,18.6581,40.2606
"Ocumare","Cienaga oeste","Continental","Center",0,0,0,94.5127176744824,3.41864018334607,0,1.33334802452449,0.73529411764706,0,10.478,-67.809,28.557,999,7.303,999,21.954,999,4.328,999,999,5.019,999,43,999,7.743,999,5.696,999,89.485,999,5.189,999,34.1,999,999,999,33.055,999,999,999,37.962,999,63.134,999,0.2181,4.0838,7.6034,9.7308,9.0477,75.2516,12.7057,13.8417,3.2888,8.5356,16.3677,25.0848,29.6375,37.4024,98.4483,20.6398,3.478,1.5391,5.55,7.9,10.25,10.25,12.6,14.95,6.6468,-2.75,0,1,1.375,1.75,1.75,2.125,2.5,1.0607,-2.75,0,351.38,418.72,486.06,486.06,553.4,620.74,190.4663,-2.75,0,8.204,13.4419,20.0659,34.979,36.3146,180.9465,45.5636,5.2878,2.3978,0,0.0095,0.0882,0.5862,0.5804,3.6881,1.0218,2.1624,1.7326,5.6993,11.5614,15.85,17.5534,17.5198,76.8086,11.6517,12.7571,2.908,28.8925,43.3325,46.0825,46.4352,50.2079,57.775,5.6516,0.0646,-0.4377,0.15,0.15,0.15,0.15,0.15,0.15,0.1606,-0.095,0.7106,21.71,21.71,27.14,24.653,27.14,27.14,2.7265,-2,-0.1654,21.71,21.71,21.71,23.7748,27.14,27.14,2.6048,-1.6051,0.5083,25.12,25.12,25.12,25.12,25.12,25.12,5.6145,6.1779,2.1453,1.007,1.01,1.01,1.01,1.011,1.013,0.0013,1.1274,-0.3545,3.124,3.124,3.124,16.6467,36.48,36.48,16.6027,-1.9128,0.3698,2.948,2.967,2.987,2.9774,2.987,2.987,0.0128,-0.4451,-0.8899,3.086,3.086,4.365,4.4448,5.644,6.922,1.3757,-1.4177,0.3327,1.32,3.249,4.214,4.2939,5.178,6.142,1.2912,-0.8687,-0.2169,2.946,2.994,2.994,2.9914,2.994,3.018,0.0186,0.0579,-0.5221,58.12,109.3,160.4,141.0605,160.4,211.5,34.8173,-0.0752,-0.432,198.9,396.1,396.1,449.3568,593.2,790.4,151.6332,-0.7884,-0.119,2.398,28.9,28.9,23.1698,28.9,55.4,12.7023,-0.1101,-0.5552,3.951,3.975,3.975,3.9729,3.975,3.975,0.0054,6.3132,-2.6433,8.853,9.773,9.773,10.2692,10.69,12.53,0.8551,0.5799,1.194,0.799,1.8133,1.8196,1.7652,1.8253,1.842,0.2343,12.6274,-3.7758,0.813,0.813,1.8154,1.4665,1.8231,1.832,0.4876,-1.6862,-0.5975,8.346,14.71,27.42,23.7882,27.42,40.14,9.0291,-0.7366,0.141,25.75,44.84,63.93,60.8338,63.93,121.2,21.8176,0.0929,0.6341,1.026,2.026,2.311,2.1908,2.595,2.88,0.5339,0.409,-1.0891,2.752,2.78,2.808,2.8308,2.863,2.946,0.063,-0.907,0.6881,1.026,2.026,2.31,2.1905,2.594,2.879,0.5337,0.4104,-1.0897,2.952,2.968,2.983,2.9797,2.983,2.998,0.013,-0.4189,-0.4216,28.5747,10.6146,58.5431,191.9525,18.6873,40.2943
"Ocumare","Guabinitas","Continental","Center",0,0.694444444444445,0,97.8349673202614,0,0,1.47058823529412,0,0,10.484,-67.825,26.813,999,8.876,999,20.199,999,5.987,999,999,3.682,999,41.189,999,9.381,999,5.094,999,87.834,999,5.326,999,32.343,999,999,999,31.304,999,999,999,36.188,999,61.341,999,0.2457,4.1039,7.6497,9.9499,9.2821,77.8806,13.0987,14.2549,3.3431,8.5592,16.4428,25.5747,30.5673,38.5579,103.1297,21.8191,3.5174,1.5594,5.55,7.9,10.25,10.25,12.6,14.95,6.6468,-2.75,0,1,1.375,1.75,1.75,2.125,2.5,1.0607,-2.75,0,351.38,418.72,486.06,486.06,553.4,620.74,190.4663,-2.75,0,8.3259,13.6432,20.7636,36.1105,37.4913,188.4883,47.1472,5.4181,2.4198,0,0.0106,0.1046,0.6074,0.6206,3.735,1.0354,2.1756,1.7268,6.0138,11.8574,15.8987,17.9206,17.9661,79.2056,12.0429,12.8302,2.9251,24.7984,41.179,45.2211,45.1725,49.7771,57.5595,6.3913,0.0811,-0.4784,0.15,0.15,0.15,0.15,0.15,0.15,0.1602,-0.0828,0.689,23.4109,23.4109,27.14,25.8704,27.5652,28.8409,2.6573,-1.7485,0.1726,21.71,21.71,21.71,23.2967,25.4391,27.14,2.2183,2.0801,1.3666,25.12,25.12,25.12,25.12,25.12,25.12,5.8106,6.0943,2.1309,1.007,1.01,1.01,1.01,1.011,1.013,0.0013,1.1274,-0.3545,3.124,3.124,3.124,16.6467,36.48,36.48,16.6027,-1.9128,0.3698,2.948,2.967,2.987,2.9774,2.987,2.987,0.0128,-0.4451,-0.8899,3.086,3.086,4.365,4.4448,5.644,6.922,1.3757,-1.4177,0.3327,1.32,3.249,4.214,4.2939,5.178,6.142,1.2912,-0.8687,-0.2169,2.946,2.994,2.994,2.9914,2.994,3.018,0.0186,0.0579,-0.5221,58.12,109.3,160.4,141.0605,160.4,211.5,34.8173,-0.0752,-0.432,198.9,396.1,396.1,449.3568,593.2,790.4,151.6332,-0.7884,-0.119,2.398,28.9,28.9,23.1698,28.9,55.4,12.7023,-0.1101,-0.5552,3.951,3.975,3.975,3.9729,3.975,3.975,0.0054,6.3132,-2.6433,8.853,9.773,9.773,10.2692,10.69,12.53,0.8551,0.5799,1.194,0.799,1.8133,1.8196,1.7652,1.8253,1.842,0.2343,12.6274,-3.7758,0.813,0.813,1.8154,1.4665,1.8231,1.832,0.4876,-1.6862,-0.5975,8.346,14.71,27.42,23.7882,27.42,40.14,9.0291,-0.7366,0.141,25.75,44.84,63.93,60.8338,63.93,121.2,21.8176,0.0929,0.6341,1.026,2.026,2.311,2.1908,2.595,2.88,0.5339,0.409,-1.0891,2.752,2.78,2.808,2.8308,2.863,2.946,0.063,-0.907,0.6881,1.026,2.026,2.31,2.1905,2.594,2.879,0.5337,0.4104,-1.0897,2.952,2.968,2.983,2.9797,2.983,2.998,0.013,-0.4189,-0.4216,27.9599,9.6665,55.5734,185.7014,19.0196,37.2709
"Ocumare","Cienaga este","Continental","Center",1.08695652173913,0,0,98.9130434782609,0,0,0,0,0,10.487,-67.804,29.117,999,6.556,999,22.5,999,3.687,999,999,5.87,999,43.443,999,7.066,999,6.778,999,89.101,999,4.468,999,34.64,999,999,999,33.604,999,999,999,38.475,999,62.971,999,0.1855,4.0666,7.4975,9.484,8.8926,72.3311,12.182,13.6512,3.2546,8.4359,16.2459,24.3208,28.9138,36.6307,95.4383,19.897,3.4278,1.5177,5.55,7.9,10.25,10.25,12.6,14.95,6.6468,-2.75,0,1,1.375,1.75,1.75,2.125,2.5,1.0607,-2.75,0,351.38,418.72,486.06,486.06,553.4,620.74,190.4663,-2.75,0,7.7452,12.9148,19.1752,33.7462,34.9007,174.8882,44.1089,5.1618,2.3716,0,0.0076,0.0754,0.5609,0.5349,3.6179,0.9964,2.2941,1.767,5.5313,11.2619,15.85,17.2272,17.2591,74.4827,11.2171,12.5779,2.8665,27.8086,42.7624,45.8544,46.1458,50.0939,57.718,5.9121,0.0603,-0.4347,0.15,0.15,0.15,0.15,0.15,0.15,0.1611,-0.1028,0.7092,22.1603,22.1603,27.14,24.9327,27.2526,27.5903,2.7161,-1.95,-0.0442,21.71,21.71,21.71,23.4269,26.6897,27.14,2.448,-0.4448,0.9129,25.12,25.12,25.12,25.12,25.12,25.12,5.3985,6.1419,2.141,1.007,1.01,1.01,1.01,1.011,1.013,0.0013,1.1274,-0.3545,3.124,3.124,3.124,16.6467,36.48,36.48,16.6027,-1.9128,0.3698,2.948,2.967,2.987,2.9774,2.987,2.987,0.0128,-0.4451,-0.8899,3.086,3.086,4.365,4.4448,5.644,6.922,1.3757,-1.4177,0.3327,1.32,3.249,4.214,4.2939,5.178,6.142,1.2912,-0.8687,-0.2169,2.946,2.994,2.994,2.9914,2.994,3.018,0.0186,0.0579,-0.5221,58.12,109.3,160.4,141.0605,160.4,211.5,34.8173,-0.0752,-0.432,198.9,396.1,396.1,449.3568,593.2,790.4,151.6332,-0.7884,-0.119,2.398,28.9,28.9,23.1698,28.9,55.4,12.7023,-0.1101,-0.5552,3.951,3.975,3.975,3.9729,3.975,3.975,0.0054,6.3132,-2.6433,8.853,9.773,9.773,10.2692,10.69,12.53,0.8551,0.5799,1.194,0.799,1.8133,1.8196,1.7652,1.8253,1.842,0.2343,12.6274,-3.7758,0.813,0.813,1.8154,1.4665,1.8231,1.832,0.4876,-1.6862,-0.5975,8.346,14.71,27.42,23.7882,27.42,40.14,9.0291,-0.7366,0.141,25.75,44.84,63.93,60.8338,63.93,121.2,21.8176,0.0929,0.6341,1.026,2.026,2.311,2.1908,2.595,2.88,0.5339,0.409,-1.0891,2.752,2.78,2.808,2.8308,2.863,2.946,0.063,-0.907,0.6881,1.026,2.026,2.31,2.1905,2.594,2.879,0.5337,0.4104,-1.0897,2.952,2.968,2.983,2.9797,2.983,2.998,0.013,-0.4189,-0.4216,28.8353,10.798,59.2339,193.9207,18.7498,40.9876
"Chichiriviche","Playa Tiburon","Continental","Center",0,0.833333333333332,0,96.0951576576577,0,0,3.07150900900901,0,0,10.547,-67.267,30.272,999,3.08,999,81.518,999,24.351,999,999,64.724,999,999,999,2.952,999,21.203,999,63.338,999,2.802,999,93.605,999,999,999,60.805,999,999,999,20.798,999,999,999,0.4742,3.981,7.943,8.052,7.943,31.62,5.7852,4.2888,1.7205,3.981,15.85,15.85,21.2938,31.62,63.1,13.033,2.0909,1.3221,3.2,7.9,10.25,10.6597,12.6,17.3,3.4827,-0.9313,-0.0795,0.25,1,1.1185,1.1449,1.4343,2,0.3888,-0.097,-0.0264,11.8048,20.9294,26.9749,39.073,39.3336,202.5141,34.1347,9.4832,2.6538,5.9263,11.8777,15.2059,22.8949,23.651,76.051,20.9687,1.1103,1.5164,0,0,0,0.5694,1.2343,3.7499,0.9053,2.8076,1.6634,3.981,7.943,15.85,13.8252,15.85,31.62,6.2111,1.9395,1.1904,31.5731,44.7075,48.8325,48.2356,52.3072,57.775,5.6468,-0.0348,-0.4941,0.2289,0.3,0.45,0.4465,0.5467,0.8289,0.1551,-0.3821,0.6292,21.71,21.71,24.425,24.425,27.14,27.14,2.7253,-2.0151,0,21.71,21.71,21.71,23.6684,27.14,27.14,2.617,-1.6816,0.574,2.512,3.981,6.31,7.2472,10,38.2544,5.6555,15.9524,3.1637,1.009,1.01,1.011,1.0111,1.011,1.014,0.0013,-0.5309,0.3869,3.124,3.124,3.124,12.1391,36.48,36.48,15.0177,-1.04,0.9929,2.929,2.948,2.967,2.9609,2.967,2.987,0.012,0.7198,-0.9532,1.806,3.086,3.086,3.5656,4.365,4.365,0.7791,-0.8177,-0.3638,3.249,5.178,6.142,5.8477,6.3833,8.071,1.1012,-0.4285,0.035,2.922,2.946,2.97,2.9616,2.97,2.97,0.0141,0.7992,-1.3705,58.12,109.3,160.4,156.26,160.4,262.7,45.6886,-0.154,0.3797,198.9,198.9,396.1,358.7649,593.2,593.2,166.5001,-1.5466,0.3508,2.398,28.9,28.9,26.0349,28.9,55.4,10.4221,2.2835,-0.9545,3.951,3.975,3.975,3.9729,3.975,3.975,0.0054,6.3132,-2.6433,8.853,9.773,9.773,10.0208,10.69,11.61,0.8836,-0.6779,0.5543,0.799,1.8133,1.8196,1.7652,1.8253,1.842,0.2343,12.6274,-3.7758,0.813,0.813,1.8154,1.4665,1.8231,1.832,0.4876,-1.6862,-0.5975,8.346,14.71,21.06,23.0625,27.42,46.51,9.8468,-0.601,0.501,25.75,44.84,63.93,68.0568,83.02,140.3,32.7985,-0.9161,0.4088,1.026,2.026,2.216,2.1856,2.5,2.88,0.5271,0.4848,-1.1427,2.725,2.752,2.808,2.812,2.835,2.946,0.0637,-0.5706,0.7608,1.026,2.026,2.216,2.1854,2.5,2.879,0.5269,0.4863,-1.1436,2.937,2.952,2.968,2.9619,2.968,2.983,0.0129,-0.566,-0.3867,36.01,0,36.01,250,36.01,0
"Chichiriviche","Petaquire","Continental","Center",0,0,0,88.770325203252,0,0,11.229674796748,0,0,10.548,-67.277,31.319,999,4.153,999,80.439,999,25.401,999,999,63.657,999,999,999,4.035,999,22.246,999,64.407,999,3.878,999,92.523,999,999,999,61.871,999,999,999,21.844,999,999,999,0,3.981,7.943,7.442,7.943,31.62,5.5028,4.3645,1.6409,3.981,15.85,15.85,21.1858,31.62,63.1,13.2119,1.9299,1.2855,3.2,7.9,10.25,10.7722,12.6,17.3,3.4145,-0.9552,-0.1343,0.25,1,1,1.1151,1.375,2,0.3884,-0.0602,-0.0669,11.8048,20.3656,26.0728,36.8414,39.3336,122.4232,27.6146,1.9395,1.7317,5,10.3724,14.2796,19.9621,19.598,65.0632,17.9199,0.9114,1.4557,0,0,0,0.5515,1.2325,3.4762,0.9,1.8347,1.5462,3.981,7.943,15.85,13.6065,15.85,31.62,6.3111,1.8514,1.1909,30.2683,44.7075,48.8325,48.3163,52.9596,57.775,5.7006,0.2172,-0.5874,0.3,0.3,0.45,0.4645,0.6,0.9,0.1613,-0.1598,0.749,21.71,21.71,24.425,24.425,27.14,27.14,2.7253,-2.0151,0,21.71,21.71,21.71,23.7149,27.14,27.14,2.6306,-1.7261,0.5357,2.512,3.981,6.31,6.6538,10,15.85,3.2582,1.1161,1.2037,1.009,1.01,1.011,1.0111,1.011,1.014,0.0013,-0.5309,0.3869,3.124,3.124,3.124,12.1391,36.48,36.48,15.0177,-1.04,0.9929,2.929,2.948,2.967,2.9609,2.967,2.987,0.012,0.7198,-0.9532,1.806,3.086,3.086,3.5656,4.365,4.365,0.7791,-0.8177,-0.3638,3.249,5.178,6.142,5.8477,6.3833,8.071,1.1012,-0.4285,0.035,2.922,2.946,2.97,2.9616,2.97,2.97,0.0141,0.7992,-1.3705,58.12,109.3,160.4,156.26,160.4,262.7,45.6886,-0.154,0.3797,198.9,198.9,396.1,358.7649,593.2,593.2,166.5001,-1.5466,0.3508,2.398,28.9,28.9,26.0349,28.9,55.4,10.4221,2.2835,-0.9545,3.951,3.975,3.975,3.9729,3.975,3.975,0.0054,6.3132,-2.6433,8.853,9.773,9.773,10.0208,10.69,11.61,0.8836,-0.6779,0.5543,0.799,1.8133,1.8196,1.7652,1.8253,1.842,0.2343,12.6274,-3.7758,0.813,0.813,1.8154,1.4665,1.8231,1.832,0.4876,-1.6862,-0.5975,8.346,14.71,21.06,23.0625,27.42,46.51,9.8468,-0.601,0.501,25.75,44.84,63.93,68.0568,83.02,140.3,32.7985,-0.9161,0.4088,1.026,2.026,2.216,2.1856,2.5,2.88,0.5271,0.4848,-1.1427,2.725,2.752,2.808,2.812,2.835,2.946,0.0637,-0.5706,0.7608,1.026,2.026,2.216,2.1854,2.5,2.879,0.5269,0.4863,-1.1436,2.937,2.952,2.968,2.9619,2.968,2.983,0.0129,-0.566,-0.3867,36.01,0,36.01,250,36.01,0
"Chichiriviche","Punta Mono","Continental","Center",0,4.46428571428573,0,92.25,0,0,1.5,0,1.78571428571428,10.551,-67.252,28.576,999,1.406,999,83.191,999,22.656,999,999,66.41,999,999,999,1.308,999,19.506,999,61.654,999,1.135,999,95.274,999,999,999,59.118,999,999,999,19.101,999,999,999,0.6115,3.981,7.943,8.2287,7.943,31.62,5.867,4.2669,1.7435,3.981,15.85,15.85,21.3251,31.62,63.1,12.9812,2.1375,1.3328,3.2,7.9,10.25,10.6271,12.6,17.3,3.5024,-0.9244,-0.0637,0.25,1,1.1529,1.1536,1.4514,2,0.3889,-0.1077,-0.0146,11.8048,21.0927,27.2361,39.7193,39.3336,225.7077,36.0229,11.6678,2.9208,6.1946,12.3136,15.4742,23.7442,24.8247,79.2329,21.8517,1.1679,1.534,0,0,0,0.5746,1.2349,3.8292,0.9068,3.0894,1.6973,3.981,7.943,15.85,13.8886,15.85,31.62,6.1821,1.965,1.1903,31.9509,44.7075,48.8325,48.2122,52.1183,57.775,5.6312,-0.1077,-0.4671,0.2083,0.3,0.45,0.4413,0.5312,0.8083,0.1532,-0.4464,0.5945,21.71,21.71,24.425,24.425,27.14,27.14,2.7253,-2.0151,0,21.71,21.71,21.71,23.6549,27.14,27.14,2.613,-1.6686,0.5852,2.512,3.981,6.31,7.4191,10,44.7425,6.3497,20.2488,3.7313,1.009,1.01,1.011,1.0111,1.011,1.014,0.0013,-0.5309,0.3869,3.124,3.124,3.124,12.1391,36.48,36.48,15.0177,-1.04,0.9929,2.929,2.948,2.967,2.9609,2.967,2.987,0.012,0.7198,-0.9532,1.806,3.086,3.086,3.5656,4.365,4.365,0.7791,-0.8177,-0.3638,3.249,5.178,6.142,5.8477,6.3833,8.071,1.1012,-0.4285,0.035,2.922,2.946,2.97,2.9616,2.97,2.97,0.0141,0.7992,-1.3705,58.12,109.3,160.4,156.26,160.4,262.7,45.6886,-0.154,0.3797,198.9,198.9,396.1,358.7649,593.2,593.2,166.5001,-1.5466,0.3508,2.398,28.9,28.9,26.0349,28.9,55.4,10.4221,2.2835,-0.9545,3.951,3.975,3.975,3.9729,3.975,3.975,0.0054,6.3132,-2.6433,8.853,9.773,9.773,10.0208,10.69,11.61,0.8836,-0.6779,0.5543,0.799,1.8133,1.8196,1.7652,1.8253,1.842,0.2343,12.6274,-3.7758,0.813,0.813,1.8154,1.4665,1.8231,1.832,0.4876,-1.6862,-0.5975,8.346,14.71,21.06,23.0625,27.42,46.51,9.8468,-0.601,0.501,25.75,44.84,63.93,68.0568,83.02,140.3,32.7985,-0.9161,0.4088,1.026,2.026,2.216,2.1856,2.5,2.88,0.5271,0.4848,-1.1427,2.725,2.752,2.808,2.812,2.835,2.946,0.0637,-0.5706,0.7608,1.026,2.026,2.216,2.1854,2.5,2.879,0.5269,0.4863,-1.1436,2.937,2.952,2.968,2.9619,2.968,2.983,0.0129,-0.566,-0.3867,36.01,0,36.01,250,36.01,0
"Chichiriviche","La Pared","Continental","Center",0,3.84615384615385,0,93.6644495855022,0,0.595238095238095,1.89415847310584,0,0,10.554,-67.239,27.116,0.897,0.324,0.095,84.636,6.238,21.197,0.733,999,67.864,4.826,999,13.347,0.509,0.09,18.046,0.649,60.201,1.731,0.477,0.087,96.716,4.801,999,999,57.664,1.661,999,999,17.641,0.64,999,999,1,3.981,7.943,8.7286,7.943,31.62,6.0984,4.2049,1.8087,3.981,15.85,15.85,21.4136,31.62,63.1,12.8346,2.2694,1.3628,3.2,7.9,10.25,10.5348,12.6,17.3,3.5583,-0.9048,-0.0188,0.25,1,1.25,1.178,1.5,2,0.3892,-0.1378,0.0186,11.8048,21.5546,27.9752,41.5477,39.3336,291.332,41.3653,17.8489,3.6764,6.9536,13.547,16.2332,26.1472,28.1456,88.236,24.3498,1.3309,1.5837,0,0,0,0.5893,1.2364,4.0534,0.9112,3.8866,1.7933,3.981,7.943,15.85,14.0678,15.85,31.62,6.1001,2.0371,1.1899,33.02,44.7075,48.8325,48.146,51.5838,57.775,5.5872,-0.3141,-0.3907,0.15,0.3,0.45,0.4266,0.4875,0.75,0.1481,-0.6286,0.4964,21.71,21.71,24.425,24.425,27.14,27.14,2.7253,-2.0151,0,21.71,21.71,21.71,23.6167,27.14,27.14,2.6018,-1.6321,0.6166,2.512,3.981,6.31,7.9053,10,63.1,8.314,32.4053,5.3372,1.009,1.01,1.011,1.0111,1.011,1.014,0.0013,-0.5309,0.3869,3.124,3.124,3.124,12.1391,36.48,36.48,15.0177,-1.04,0.9929,2.929,2.948,2.967,2.9609,2.967,2.987,0.012,0.7198,-0.9532,1.806,3.086,3.086,3.5656,4.365,4.365,0.7791,-0.8177,-0.3638,3.249,5.178,6.142,5.8477,6.3833,8.071,1.1012,-0.4285,0.035,2.922,2.946,2.97,2.9616,2.97,2.97,0.0141,0.7992,-1.3705,58.12,109.3,160.4,156.26,160.4,262.7,45.6886,-0.154,0.3797,198.9,198.9,396.1,358.7649,593.2,593.2,166.5001,-1.5466,0.3508,2.398,28.9,28.9,26.0349,28.9,55.4,10.4221,2.2835,-0.9545,3.951,3.975,3.975,3.9729,3.975,3.975,0.0054,6.3132,-2.6433,8.853,9.773,9.773,10.0208,10.69,11.61,0.8836,-0.6779,0.5543,0.799,1.8133,1.8196,1.7652,1.8253,1.842,0.2343,12.6274,-3.7758,0.813,0.813,1.8154,1.4665,1.8231,1.832,0.4876,-1.6862,-0.5975,8.346,14.71,21.06,23.0625,27.42,46.51,9.8468,-0.601,0.501,25.75,44.84,63.93,68.0568,83.02,140.3,32.7985,-0.9161,0.4088,1.026,2.026,2.216,2.1856,2.5,2.88,0.5271,0.4848,-1.1427,2.725,2.752,2.808,2.812,2.835,2.946,0.0637,-0.5706,0.7608,1.026,2.026,2.216,2.1854,2.5,2.879,0.5269,0.4863,-1.1436,2.937,2.952,2.968,2.9619,2.968,2.983,0.0129,-0.566,-0.3867,36.01,0,36.01,250,36.01,0
"Chichiriviche","Media Legua","Continental","Center",0,0,0,92.6470588235294,0,0,7.3529411764706,0,0,10.555,-67.21,23.997,999,3.215,14.859,87.803,999,18.073,14.897,999,71.018,999,999,999,2.776,999,14.943,14.755,57.044,999,2.703,999,99.886,14.889,999,999,54.511,999,999,999,14.529,999,999,999,0.1831,3.981,6.0103,7.3548,7.9942,32.8882,5.7247,7.7798,2.2413,6.0577,13.0768,16.2443,21.5593,31.7477,69.0645,14.3691,3.033,1.5417,0.9853,7.9,10.25,10.2584,12.6496,17.3,3.6249,-0.4665,-0.1037,0.2532,0.9755,1.1891,1.172,1.4546,2.2786,0.4202,0.3166,0.3024,11.7929,20.2689,24.8936,36.9678,38.6915,202.6543,32.728,10.16,2.8643,5.8552,10.9669,14.4738,19.0723,22.2591,52.6094,14.1066,0.8259,1.2879,0,0,0,0.4603,0.6534,3.937,0.8942,6.263,2.3217,5.6138,7.943,15.85,13.7401,15.85,31.62,5.6561,2.0849,1.0387,28.8925,41.9575,47.4575,46.2961,51.5838,57.0871,6.4274,-0.2116,-0.5584,0.3,0.3,0.3,0.3,0.3,0.3,0.1765,-0.288,0.5025,21.71,21.71,27.14,24.5315,27.14,27.14,2.7263,-2.0135,-0.0773,21.71,21.71,21.71,23.0675,23.0675,27.14,2.3611,-0.7054,1.1403,2.5392,4.0284,5.491,6.7171,7.8456,32.0977,4.8153,12.1885,2.8538,1.009,1.01,1.011,1.0111,1.011,1.014,0.0013,-0.5309,0.3869,3.124,3.124,3.124,12.1391,36.48,36.48,15.0177,-1.04,0.9929,2.929,2.948,2.967,2.9609,2.967,2.987,0.012,0.7198,-0.9532,1.806,3.086,3.086,3.5656,4.365,4.365,0.7791,-0.8177,-0.3638,3.249,5.178,6.142,5.8477,6.3833,8.071,1.1012,-0.4285,0.035,2.922,2.946,2.97,2.9616,2.97,2.97,0.0141,0.7992,-1.3705,58.12,109.3,160.4,156.26,160.4,262.7,45.6886,-0.154,0.3797,198.9,198.9,396.1,358.7649,593.2,593.2,166.5001,-1.5466,0.3508,2.398,28.9,28.9,26.0349,28.9,55.4,10.4221,2.2835,-0.9545,3.951,3.975,3.975,3.9729,3.975,3.975,0.0054,6.3132,-2.6433,8.853,9.773,9.773,10.0208,10.69,11.61,0.8836,-0.6779,0.5543,0.799,1.8133,1.8196,1.7652,1.8253,1.842,0.2343,12.6274,-3.7758,0.813,0.813,1.8154,1.4665,1.8231,1.832,0.4876,-1.6862,-0.5975,8.346,14.71,21.06,23.0625,27.42,46.51,9.8468,-0.601,0.501,25.75,44.84,63.93,68.0568,83.02,140.3,32.7985,-0.9161,0.4088,1.026,2.026,2.216,2.1856,2.5,2.88,0.5271,0.4848,-1.1427,2.725,2.752,2.808,2.812,2.835,2.946,0.0637,-0.5706,0.7608,1.026,2.026,2.216,2.1854,2.5,2.879,0.5269,0.4863,-1.1436,2.937,2.952,2.968,2.9619,2.968,2.983,0.0129,-0.566,-0.3867,36.01,0,36.01,250,36.01,0
"Chichiriviche","Punta de Media Legua","Continental","Center",0,0.510204081632653,0,91.156462585034,0,0,8.33333333333333,0,0,10.557,-67.203,23.202,999,4.005,999,88.586,999,17.278,999,999,71.807,999,999,999,2.026,999,14.146,999,56.256,999,1.946,999,999,999,999,999,53.722,999,999,999,13.732,999,999,999,0.1838,3.981,5.9852,7.3564,8.0006,33.0173,5.734,7.8073,2.2436,6.1395,13.153,16.2809,21.6447,31.7788,68.8747,14.3971,2.9736,1.5338,0.9073,7.9,10.25,10.2596,12.6517,17.3,3.6325,-0.4506,-0.1078,0.2536,0.9781,1.195,1.1743,1.4599,2.282,0.4214,0.3051,0.3043,11.8302,20.3175,24.9984,37.2603,39.0876,207.3215,33.2952,10.4813,2.9035,5.8738,10.9518,14.4234,19.0602,22.2342,52.7001,14.1305,0.8529,1.2973,0,0,0,0.4605,0.6533,3.9433,0.8952,6.2491,2.3212,5.6233,7.943,15.85,13.7587,15.85,31.62,5.6512,2.0779,1.0323,28.8925,41.9575,47.4575,46.2961,51.5838,57.0871,6.4274,-0.2116,-0.5584,0.3,0.3,0.3,0.3,0.3,0.3,0.1767,-0.2773,0.5011,21.71,21.71,27.14,24.5315,27.14,27.14,2.7263,-2.0135,-0.0773,21.71,21.71,21.71,23.0675,23.0675,27.14,2.3611,-0.7054,1.1403,2.5414,4.033,5.54,6.761,7.8791,32.6322,4.8848,12.3977,2.886,1.009,1.01,1.011,1.0111,1.011,1.014,0.0013,-0.5309,0.3869,3.124,3.124,3.124,12.1391,36.48,36.48,15.0177,-1.04,0.9929,2.929,2.948,2.967,2.9609,2.967,2.987,0.012,0.7198,-0.9532,1.806,3.086,3.086,3.5656,4.365,4.365,0.7791,-0.8177,-0.3638,3.249,5.178,6.142,5.8477,6.3833,8.071,1.1012,-0.4285,0.035,2.922,2.946,2.97,2.9616,2.97,2.97,0.0141,0.7992,-1.3705,58.12,109.3,160.4,156.26,160.4,262.7,45.6886,-0.154,0.3797,198.9,198.9,396.1,358.7649,593.2,593.2,166.5001,-1.5466,0.3508,2.398,28.9,28.9,26.0349,28.9,55.4,10.4221,2.2835,-0.9545,3.951,3.975,3.975,3.9729,3.975,3.975,0.0054,6.3132,-2.6433,8.853,9.773,9.773,10.0208,10.69,11.61,0.8836,-0.6779,0.5543,0.799,1.8133,1.8196,1.7652,1.8253,1.842,0.2343,12.6274,-3.7758,0.813,0.813,1.8154,1.4665,1.8231,1.832,0.4876,-1.6862,-0.5975,8.346,14.71,21.06,23.0625,27.42,46.51,9.8468,-0.601,0.501,25.75,44.84,63.93,68.0568,83.02,140.3,32.7985,-0.9161,0.4088,1.026,2.026,2.216,2.1856,2.5,2.88,0.5271,0.4848,-1.1427,2.725,2.752,2.808,2.812,2.835,2.946,0.0637,-0.5706,0.7608,1.026,2.026,2.216,2.1854,2.5,2.879,0.5269,0.4863,-1.1436,2.937,2.952,2.968,2.9619,2.968,2.983,0.0129,-0.566,-0.3867,36.01,0,36.01,250,36.01,0
"Morrocoy","Sur","Continental","West",0,0.225225225225225,1.5625,97.3917370495495,0,0,0.820537725225225,0,0,10.729,-68.244,33.672,999,10.59,999,37.513,999,22.478,999,999,9.744,999,23.556,999,7.693,999,29.034,999,40.944,999,7.599,999,30.368,999,999,999,7.548,999,999,999,27.865,999,10.719,999,0.6356,3.5161,7.1691,14.1729,13.5191,139.271,24.6869,15.7464,3.7185,12.2331,29.124,45.437,66.8561,67.47,410.3985,78.0363,10.4117,3.0341,1.5068,7.9,10.25,9.9503,12.6,16.0374,3.6297,-0.5406,-0.2993,0.3219,0.75,1.1535,1.1502,1.4506,2.3003,0.4387,-0.3209,0.3358,16.9602,46.7628,86.6294,327.1202,288.2694,4357.0559,710.9476,18.836,3.9497,6.9894,21.655,51.1265,68.4191,104.9424,237.3186,59.9938,0.9594,1.1354,0,0.2855,1.3253,1.3418,1.8784,4.925,1.3084,0.193,0.8319,9.8756,16.9474,29.124,36.0755,35.3664,168.6044,33.5691,7.5943,2.5563,31.2092,44.0507,48.7368,48.4277,53.2051,57.775,5.9426,-0.5695,-0.4018,-0.314,0.1296,0.2521,0.2288,0.3237,0.7082,0.2182,3.0596,-0.0865,21.71,23.2247,27.14,25.6182,27.14,27.14,2.4326,-0.9615,-0.9878,21.71,21.71,23.9026,24.4157,27.14,27.14,2.7195,-1.9968,0.0071,4.0194,9.7402,14.984,19.4892,26.7468,59.4138,14.5933,1.3855,1.3601,1.007,1.0097,1.01,1.0102,1.011,1.013,0.0013,0.8303,-0.4076,3.124,36.48,36.48,41.8899,36.48,69.84,16.7045,0.2705,0.3125,2.967,2.987,2.987,2.9925,3.006,3.006,0.0128,-0.7591,-0.429,1.806,1.806,3.086,2.9657,3.4058,4.365,0.9943,-1.383,0.152,2.285,3.249,3.249,3.3831,3.4903,5.178,0.6583,0.1747,0.3598,2.97,2.994,2.994,2.994,2.994,3.018,0.0139,-0.0811,0,58.12,109.3,160.4,152.1119,160.4,313.8,44.2956,3.3453,0.8023,396.1,593.2,987.6,886.3811,987.6,1382,244.3329,-1.1044,-0.0122,28.9,55.4,55.4,58.9835,55.4,81.91,15.5089,-0.3059,-0.0112,3.951,3.975,3.975,3.9729,3.975,3.975,0.0054,6.3132,-2.6433,9.773,10.69,10.69,11.1379,11.61,13.45,0.9843,0.2264,0.9621,1.8057,1.8205,1.8236,1.8248,1.8284,1.8479,0.0087,0.6525,0.428,0.813,1.8186,1.8273,1.746,1.8308,1.851,0.2811,6.8467,-2.9406,8.346,21.06,27.42,27.9682,33.78,46.51,10.3897,-0.8193,0.2217,6.656,25.75,25.75,37.6161,44.84,102.1,22.2038,0.2185,0.8463,1.026,1.026,2.121,1.9711,2.405,2.784,0.6209,-1.1603,-0.6004,2.752,2.78,2.808,2.8285,2.863,2.946,0.0646,-0.9238,0.7559,1.026,1.026,2.121,1.9709,2.405,2.784,0.6208,-1.1602,-0.6008,2.968,2.983,2.998,2.9939,2.998,3.013,0.0121,-0.611,-0.1235,20.5113,25.8235,51.44,105,0,133.5237
"Morrocoy","Medio","Continental","West",11.9565217391304,0.166666666666667,7.46095340759372,78.8941541625881,0,0,1.31509245377311,0.206611570247934,0,10.742,-68.236,34.406,999,10.385,999,38.007,999,21.186,999,999,8.853,999,24.818,999,9.318,999,29.967,999,39.825,999,8.578,999,31.308,999,999,999,9.164,999,999,999,28.949,999,9.611,999,0.2828,3.7982,6.2927,11.5043,10.1794,103.4314,18.4519,13.3758,3.3092,12.449,25.0959,37.6462,53.7768,63.1,264.6685,52.851,6.5898,2.3504,0.6588,7.9,10.25,9.7781,12.6,16.3126,3.7629,-0.4254,-0.3317,0.3414,0.7692,1.1546,1.1489,1.4334,2.4038,0.4394,-0.0634,0.409,17.4641,36.8216,69.8791,251.5945,178.0713,4377.6129,640.1383,28.4493,4.8733,5.5002,17.9225,40.9105,55.1331,83.1895,179.7843,47.4253,0.531,1.0737,0,0.1258,0.9079,1.1373,1.6724,4.5031,1.2283,0.0864,0.898,9.2405,15.85,25.0959,29.6174,32.5098,124.1774,24.5663,6.2273,2.1645,33.7595,44.2743,48.8325,48.8955,53.8761,57.775,5.8428,-0.8295,-0.3247,-0.1411,0.1706,0.2918,0.2822,0.3621,0.7465,0.1932,1.7163,0.2788,21.71,22.3932,27.14,25.4377,27.14,27.14,2.5182,-1.3182,-0.806,21.71,21.71,23.9717,24.3609,27.14,27.14,2.7172,-1.9904,0.0472,3.7174,8.2406,12.6915,15.8733,20.6058,51.212,11.4434,1.8377,1.4312,1.007,1.0097,1.01,1.0102,1.011,1.013,0.0013,0.8303,-0.4076,3.124,36.48,36.48,41.8899,36.48,69.84,16.7045,0.2705,0.3125,2.967,2.987,2.987,2.9925,3.006,3.006,0.0128,-0.7591,-0.429,1.806,1.806,3.086,2.9657,3.4057,4.365,0.9943,-1.383,0.152,2.285,3.249,3.249,3.3831,3.4903,5.178,0.6583,0.1747,0.3598,2.97,2.994,2.994,2.994,2.994,3.018,0.0139,-0.0811,0,58.12,109.3,160.4,152.1119,160.4,313.8,44.2956,3.3453,0.8023,396.1,593.2,987.6,886.3811,987.6,1382,244.3329,-1.1044,-0.0122,28.9,55.4,55.4,58.9835,55.4,81.91,15.5089,-0.3059,-0.0112,3.951,3.975,3.975,3.9729,3.975,3.975,0.0054,6.3132,-2.6433,9.773,10.69,10.69,11.1379,11.61,13.45,0.9843,0.2264,0.9621,1.8057,1.8205,1.8236,1.8248,1.8284,1.8479,0.0087,0.6525,0.428,0.813,1.8186,1.8273,1.746,1.8308,1.851,0.2811,6.8467,-2.9406,8.346,21.06,27.42,27.9682,33.78,46.51,10.3897,-0.8193,0.2217,6.656,25.75,25.75,37.6161,44.84,102.1,22.2038,0.2185,0.8463,1.026,1.026,2.121,1.9711,2.405,2.784,0.6209,-1.1603,-0.6004,2.752,2.78,2.808,2.8285,2.863,2.946,0.0646,-0.9238,0.7559,1.026,1.026,2.121,1.9709,2.405,2.784,0.6208,-1.1602,-0.6008,2.968,2.983,2.998,2.9939,2.998,3.013,0.0121,-0.611,-0.1235,20.5113,25.8235,51.44,105,0,133.5237
"Morrocoy","Norte","Continental","West",2.42276987157237,0.241545893719807,3.1079466322089,92.7914910749501,0,0,1.43624652754887,0,0,10.78,-68.201,36.397,999,12.097,999,39.137,999,18.286,999,999,7.073,999,28.726,999,13.349,999,32.695,999,37.338,999,13.359,999,34.038,999,999,999,14.853,999,999,999,32.197,999,8.734,999,0,3.981,7.943,8.6772,7.943,63.1,9.8164,14.7417,3.3908,15.85,15.85,31.62,37.6839,63.1,125.9,26.3253,3.0915,1.7157,-1.5,7.9,10.25,9.6542,12.6,17.3,4.0454,-0.3999,-0.2901,0.25,0.875,1,1.1303,1.25,2.5,0.4348,0.6781,0.6318,17.512,27.9752,46.8872,156.0636,92.2088,4797.0909,569.2403,59.2376,7.6344,5,14.2796,23.9396,38.2816,42.446,169.3408,38.7073,2.3143,1.7271,0,0,0,0.7547,1.331,3.1348,0.9946,-0.5445,0.8911,7.943,15.85,15.85,20.8277,31.62,31.62,8.6452,-1.528,0.2678,36.4575,44.7075,48.8325,49.3754,54.3354,57.775,5.762,-1.0078,-0.2519,0.15,0.2625,0.3,0.3375,0.45,0.75,0.1476,-0.0094,0.4924,21.71,21.71,27.14,25.1918,27.14,27.14,2.6145,-1.6737,-0.5821,21.71,21.71,21.71,24.3181,27.14,27.14,2.7236,-2.0096,0.0779,3.981,6.31,10,11.6073,15.85,25.12,6.758,-0.3224,0.8826,1.007,1.0097,1.01,1.0102,1.011,1.013,0.0013,0.8303,-0.4076,3.124,36.48,36.48,41.8899,36.48,69.84,16.7045,0.2705,0.3125,2.967,2.987,2.987,2.9925,3.006,3.006,0.0128,-0.7591,-0.429,1.806,1.806,3.086,2.9657,3.4057,4.365,0.9943,-1.383,0.152,2.285,3.249,3.249,3.3831,3.4903,5.178,0.6583,0.1747,0.3598,2.97,2.994,2.994,2.994,2.994,3.018,0.0139,-0.0811,0,58.12,109.3,160.4,152.1119,160.4,313.8,44.2956,3.3453,0.8023,396.1,593.2,987.6,886.3811,987.6,1382,244.3329,-1.1044,-0.0122,28.9,55.4,55.4,58.9835,55.4,81.91,15.5089,-0.3059,-0.0112,3.951,3.975,3.975,3.9729,3.975,3.975,0.0054,6.3132,-2.6433,9.773,10.69,10.69,11.1379,11.61,13.45,0.9843,0.2264,0.9621,1.8057,1.8205,1.8236,1.8248,1.8284,1.8479,0.0087,0.6525,0.428,0.813,1.8186,1.8273,1.746,1.8308,1.851,0.2811,6.8467,-2.9406,8.346,21.06,27.42,27.9682,33.78,46.51,10.3897,-0.8193,0.2217,6.656,25.75,25.75,37.6161,44.84,102.1,22.2038,0.2185,0.8463,1.026,1.026,2.121,1.9711,2.405,2.784,0.6209,-1.1603,-0.6004,2.752,2.78,2.808,2.8285,2.863,2.946,0.0646,-0.9238,0.7559,1.026,1.026,2.121,1.9709,2.405,2.784,0.6208,-1.1602,-0.6008,2.968,2.983,2.998,2.9939,2.998,3.013,0.0121,-0.611,-0.1235,29.6146,16.4621,49.3781,169.1442,16.4389,83.4899
"Cubagua","La Muerta","Insular","East",0,0,0,75,0,0,0,0,0,10.8,-64.217,25.508,999,17.911,999,36.194,999,38.06,999,71.987,16.542,999,999,999,16.453,999,18.549,999,2.878,999,30.568,999,75.336,999,22.101,999,36.73,999,20.824,999,41.316,999,999,999,1.995,7.943,15.85,21.2019,31.62,63.1,16.2644,0.7701,1.0747,15.85,63.1,63.1,70.7944,63.1,125.9,33.0798,-0.6644,0.624,-1.5,5.55,7.9,8.4088,10.25,19.65,3.9444,0.451,-0.0254,0.25,0.75,1,0.982,1.25,2.25,0.399,-0.2093,0.1623,39.3336,141.212,231.284,421.2955,381.404,4396.3636,637.3824,20.374,4.2894,8.9072,50.858,76.6496,117.0996,157.7544,563.02,105.1485,4.2182,1.9361,0,2.1572,3.3055,3.0458,3.9977,5,1.3856,-0.4504,-0.5149,31.62,31.62,31.62,42.7591,63.1,63.1,15.1697,-1.6682,0.5973,36.4575,47.4575,52.9596,51.7976,55.7112,57.775,5.0988,-0.5382,-0.6847,-1,0.15,0.15,0.1648,0.3,0.45,0.2101,18.6648,-3.7852,21.71,21.71,21.71,23.574,27.14,27.14,2.5879,-1.5856,0.6528,21.71,21.71,21.71,22.642,21.71,27.14,2.0552,0.9733,1.7222,10,15.85,25.12,26.5122,25.12,63.1,14.4621,1.4657,1.5114,1.009,1.01,1.011,1.0111,1.011,1.013,0.0012,-0.7523,0.3592,3.124,3.124,36.48,25.6621,36.48,69.84,19.3452,-0.7772,0.1447,2.967,2.967,2.987,2.9821,2.987,3.006,0.0118,-0.7159,0.0484,3.086,3.086,4.365,3.8854,4.365,5.644,0.708,-1.0321,0.0691,2.285,4.937,5.178,5.3923,6.142,8.071,1.3853,-0.6564,-0.3236,2.946,2.97,2.97,2.9784,2.994,2.994,0.0141,-0.8177,-0.2276,6.983,6.983,6.983,6.983,6.983,6.983,0,NA,NA,1.745,1.745,1.745,1.745,1.745,1.745,0,NA,NA,28.9,28.9,55.4,43.2246,55.4,81.91,14.7746,-1.0754,0.314,3.954,3.971,3.975,3.9721,3.975,3.975,0.0055,1.9215,-1.7063,7.932,8.853,8.853,8.8777,8.853,9.773,0.5082,0.1829,0.0156,0.799,1.8133,1.8205,1.7938,1.8253,1.8447,0.1683,29.9621,-5.5718,0.813,1.8196,1.8245,1.7695,1.828,1.8339,0.2319,12.6578,-3.7821,1.987,8.346,8.346,10.8907,14.71,27.42,6.2078,-0.1647,0.456,6.656,44.84,63.93,61.3473,83.02,102.1,32.4951,-1.186,-0.2228,1.026,2.121,2.311,2.2768,2.595,2.88,0.5078,1.2409,-1.3631,2.752,2.78,2.835,2.8412,2.89,2.946,0.0619,-1.1105,0.2586,1.026,2.121,2.31,2.279,2.594,2.879,0.5099,1.2066,-1.3472,2.952,2.983,2.983,2.983,2.983,2.998,0.0107,0.3779,-0.5029,106.3691,2.267,108.5273,273.8208,104.0561,6.7054
"Cubagua","Charagato","Insular","East",6.25,0,0,68.75,0,0,0,0,0,10.816,-64.227,26.7,3.289,19.594,0.015,37.553,1.547,39.93,3.369,72.972,16.188,1.765,999,999,16.194,0.011,18.956,3.383,4.252,0.412,30.108,3.383,76.204,999,20.027,0.459,38.597,999,22.101,0.031,43.234,999,999,999,1.2842,7.943,15.85,19.6751,29.3602,63.1,15.6836,1.3418,1.2543,17.4972,54.683,63.1,69.1771,63.1,131.844,33.3306,-0.3796,0.7291,-1.5,5.55,8.1455,8.3499,10.4955,18.9054,4.0714,0.1066,-0.025,0.25,0.7239,0.9739,0.9809,1.2239,2.2658,0.4149,0.0318,0.3966,30.8919,126.7714,225.4865,391.9328,358.747,4281.2251,618.4265,21.7274,4.348,7.9324,46.1054,64.7892,97.08,120.0024,492.375,89.9305,6.328,2.3206,0,1.9596,3.0379,2.8721,3.8687,5,1.375,-0.5442,-0.3609,21.3485,31.62,31.62,39.0347,49.3399,63.1,13.7648,0.1861,0.8891,36.9801,47.6843,52.9596,51.7667,55.855,57.775,5.1108,-0.5327,-0.6894,-0.7306,0.15,0.15,0.1689,0.3,0.45,0.195,12.0806,-2.608,21.71,21.71,21.71,23.51,27.14,27.14,2.5644,-1.5031,0.7091,21.71,21.71,21.71,22.6075,21.71,27.14,2.0233,1.2043,1.7852,7.4373,15.85,21.068,24.8211,25.12,63.1,14.2772,1.8739,1.5643,1.009,1.01,1.011,1.0111,1.011,1.013,0.0012,-0.7523,0.3592,3.124,3.124,36.48,25.6621,36.48,69.84,19.3452,-0.7772,0.1447,2.967,2.967,2.987,2.9821,2.987,3.006,0.0118,-0.7159,0.0484,3.086,3.086,4.365,3.8854,4.365,5.644,0.708,-1.0321,0.0691,2.285,4.937,5.178,5.3922,6.142,8.071,1.3853,-0.6564,-0.3236,2.946,2.97,2.97,2.9784,2.994,2.994,0.0141,-0.8177,-0.2276,6.983,6.983,6.983,6.983,6.983,6.983,0,NA,NA,1.745,1.745,1.745,1.745,1.745,1.745,0,NA,NA,28.9,28.9,55.4,43.2246,55.4,81.91,14.7746,-1.0754,0.314,3.954,3.971,3.975,3.9721,3.975,3.975,0.0055,1.9215,-1.7063,7.932,8.853,8.853,8.8777,8.853,9.773,0.5082,0.1829,0.0156,0.799,1.8133,1.8205,1.7938,1.8253,1.8447,0.1683,29.9621,-5.5718,0.813,1.8196,1.8245,1.7695,1.828,1.8339,0.2319,12.6578,-3.7821,1.987,8.346,8.346,10.8907,14.71,27.42,6.2078,-0.1647,0.456,6.656,44.84,63.93,61.3473,83.02,102.1,32.4951,-1.186,-0.2228,1.026,2.121,2.311,2.2768,2.595,2.88,0.5078,1.2409,-1.3631,2.752,2.78,2.835,2.8412,2.89,2.946,0.0619,-1.1105,0.2586,1.026,2.121,2.31,2.279,2.594,2.879,0.5099,1.2066,-1.3472,2.952,2.983,2.983,2.983,2.983,2.998,0.0107,0.3779,-0.5029,107.6772,2.091,109.6279,275.274,105.5949,6.2797
"Morrocoy","Mero","Continental","West",12.7777777777778,0,0,48.6004273504274,0,0,12.9273504273504,0.694444444444445,0,10.82,-68.248,42.608,999,5.356,999,45.682,999,12.422,999,999,1.877,999,33.589,999,8.89,999,38.496,999,31.212,999,9.277,999,39.842,999,999,999,15.907,999,999,999,37.637,999,2.236,999,0,3.981,3.981,8.8168,7.943,31.62,9.5228,1.3413,1.6336,15.85,15.85,31.62,39.4643,31.62,125.9,32.7249,2.3133,1.8865,-2.5,7.9,7.9,9.2842,12.6,19.65,4.068,0.313,0.0512,0.25,0.75,1.25,1.1667,1.5,2.5,0.4756,-0.0359,0.3052,17.512,29.8776,54.4408,125.9277,92.2088,1932.38,265.8224,34.523,5.5742,5,15.7448,30.6692,51.9601,65.4362,243.98,56.5512,2.7215,1.7433,0,0,0,0.6767,1.3073,2.8787,1.0385,-0.4072,1.0755,7.943,15.85,15.85,25.5489,31.62,63.1,13.7009,1.6122,1.3469,37.8325,44.7075,48.8325,49.2658,54.3354,57.775,5.5491,-1.099,-0.1586,0,0.2625,0.3,0.325,0.45,0.75,0.1751,-0.0677,0.163,21.71,21.71,27.14,25.4563,27.14,27.14,2.5213,-1.3514,-0.8117,21.71,21.71,27.14,24.4695,27.14,27.14,2.7258,-2.0153,-0.0324,3.981,6.31,10,13.104,15.85,39.81,8.0167,0.7413,1.1524,1.007,1.0097,1.01,1.0102,1.011,1.013,0.0013,0.8303,-0.4076,3.124,36.48,36.48,41.8899,36.48,69.84,16.7045,0.2705,0.3125,2.967,2.987,2.987,2.9925,3.006,3.006,0.0128,-0.7591,-0.429,1.806,1.806,3.086,2.9657,3.4058,4.365,0.9943,-1.383,0.152,2.285,3.249,3.249,3.3831,3.4903,5.178,0.6583,0.1747,0.3598,2.97,2.994,2.994,2.994,2.994,3.018,0.0139,-0.0811,0,58.12,109.3,160.4,152.1119,160.4,313.8,44.2956,3.3453,0.8023,396.1,593.2,987.6,886.3811,987.6,1382,244.3329,-1.1044,-0.0122,28.9,55.4,55.4,58.9835,55.4,81.91,15.5089,-0.3059,-0.0112,3.951,3.975,3.975,3.9729,3.975,3.975,0.0054,6.3132,-2.6433,10.69,10.69,11.15,11.61,12.53,13.45,1.1142,-1.3148,0.6334,1.8057,1.8205,1.8236,1.8248,1.8284,1.8479,0.0087,0.6525,0.428,0.813,1.8186,1.8273,1.746,1.8308,1.851,0.2811,6.8467,-2.9406,8.346,14.71,21.06,26.0129,33.78,46.51,14.495,-1.7232,0.2989,44.84,59.1575,63.93,59.1575,63.93,63.93,9.545,-1.6875,-0.75,1.026,1.026,1.026,1.6233,2.1923,2.69,0.7091,-1.7504,0.3759,2.752,2.78,2.808,2.8322,2.8765,2.946,0.0683,-1.1217,0.713,1.026,1.026,1.026,1.6693,2.263,2.689,0.7176,-1.8458,0.2558,2.983,2.983,2.998,2.9944,2.998,3.013,0.0109,-1.1262,0.358,21.656,24.7853,51.44,125.1719,1.7585,124.7232
"Cubagua","Punta Conejo","Insular","East",25,0,0,73.7179487179487,0,0,1.28205128205128,0,0,10.83,-64.165,20.209,999,22.504,999,31.288,999,35.486,999,77.838,10.297,999,999,999,10.097,999,12.037,999,0.596,999,24.295,999,81.356,999,23.77,999,34.588,999,26.406,999,44.277,999,999,999,1.0454,5.2516,10.9946,12.0357,18.9749,39.8982,10.1653,0.2698,0.9131,75.6844,93.9375,93.9375,101.27,99.96,143.6276,19.7241,0.0929,0.9949,0.8079,4.4702,7.1552,7.9947,11.1136,16.146,4.4154,-0.801,0.082,0.25,0.6274,1.0298,1.023,1.3568,1.9435,0.4759,-0.9189,0.1755,79.3166,180.8153,259.4626,330.7301,348.7408,1641.5343,314.4059,7.7109,2.6668,81.0101,103.3864,119.6712,137.3668,159.9506,283.7627,54.9847,0.2365,0.9321,0.7708,2.3232,2.8915,2.9986,3.5904,4.8906,1.0749,-0.5538,0.0852,23.5937,31.62,39.349,41.6439,51.5318,71.985,14.8845,2.1256,1.1546,36.5202,47.4575,52.284,51.3057,55.8848,57.775,5.2412,-0.4429,-0.6909,-0.509,0.1288,0.15,0.1575,0.2653,0.4315,0.1868,5.0553,-1.4992,21.71,21.71,21.71,23.3993,27.14,27.14,2.5215,-1.3495,0.8086,20.402,21.71,21.71,22.6033,21.71,27.14,2.0437,1.2463,1.7088,17.4246,20.402,23.9506,29.2478,30.5301,63.1,14.0062,0.7344,1.2796,1.009,1.01,1.011,1.0111,1.011,1.013,0.0012,-0.7523,0.3592,3.124,3.124,36.48,25.6621,36.48,69.84,19.3452,-0.7772,0.1447,2.967,2.967,2.987,2.9821,2.987,3.006,0.0118,-0.7159,0.0484,3.086,3.086,4.365,3.8854,4.365,5.644,0.708,-1.0321,0.0691,2.285,4.937,5.178,5.3923,6.142,8.071,1.3853,-0.6564,-0.3236,2.946,2.97,2.97,2.9784,2.994,2.994,0.0141,-0.8177,-0.2276,6.983,6.983,6.983,6.983,6.983,6.983,0,NA,NA,1.745,1.745,1.745,1.745,1.745,1.745,0,NA,NA,28.9,28.9,55.4,43.2246,55.4,81.91,14.7746,-1.0754,0.314,3.954,3.971,3.975,3.9721,3.975,3.975,0.0055,1.9215,-1.7063,8.853,9.083,9.313,9.313,9.543,9.773,0.6505,-2.75,0,0.799,1.8133,1.8205,1.7938,1.8253,1.8447,0.1683,29.9621,-5.5718,0.813,1.8196,1.8245,1.7695,1.828,1.8339,0.2319,12.6578,-3.7821,1.987,8.346,8.346,8.3469,8.346,14.71,3.9264,-0.4943,0.0012,44.84,44.84,44.84,60.4582,73.475,102.1,20.5907,-1.0365,0.754,1.026,1.776,2.1685,2.0488,2.5,2.88,0.6661,-1.1859,-0.5331,2.752,2.787,2.835,2.847,2.89,2.946,0.0636,-1.2964,0.3717,1.026,2.0498,2.263,2.1513,2.689,2.879,0.6771,-1.0197,-0.7201,2.968,2.983,2.983,2.987,2.998,2.998,0.0089,-0.8171,-0.0737,128.61,0,128.61,270,128.61,0
"Morrocoy","Boca Seca","Continental","West",1.5625,0,0,76.5625,0,0,21.875,0,0,10.834,-68.237,43.482,999,5.244,999,46.313,999,11.239,999,999,0.121,999,34.967,999,10.648,999,39.569,999,30.233,999,11.093,999,40.915,999,999,999,17.787,999,999,999,38.847,999,3.657,999,0,3.981,3.981,8.8168,7.943,31.62,9.5228,1.3413,1.6336,15.85,15.85,31.62,39.4643,31.62,125.9,32.7249,2.3133,1.8865,-2.5,7.9,7.9,9.2842,12.6,19.65,4.068,0.313,0.0512,0.25,0.75,1.25,1.1667,1.5,2.5,0.4756,-0.0359,0.3052,17.512,29.8776,54.4408,125.9277,92.2088,1932.38,265.8224,34.523,5.5742,5,15.7448,30.6692,51.9601,65.4362,243.98,56.5512,2.7215,1.7433,0,0,0,0.6767,1.3073,2.8787,1.0385,-0.4072,1.0755,7.943,15.85,15.85,25.5489,31.62,63.1,13.7009,1.6122,1.3469,36.3944,44.7075,48.8325,49.3327,54.3354,57.775,5.6482,-1.0388,-0.2178,0,0.2625,0.3,0.325,0.45,0.75,0.1751,-0.0677,0.163,21.71,21.71,27.14,25.4725,27.14,27.14,2.5151,-1.328,-0.8262,21.71,21.71,24.3003,24.4341,27.14,27.14,2.7262,-2.016,-0.0066,3.981,6.31,10,13.104,15.85,39.81,8.0167,0.7413,1.1524,1.007,1.0097,1.01,1.0102,1.011,1.013,0.0013,0.8303,-0.4076,3.124,36.48,36.48,41.8899,36.48,69.84,16.7045,0.2705,0.3125,2.967,2.987,2.987,2.9925,3.006,3.006,0.0128,-0.7591,-0.429,1.806,1.806,3.086,2.9657,3.4057,4.365,0.9943,-1.383,0.152,2.285,3.249,3.249,3.3831,3.4903,5.178,0.6583,0.1747,0.3598,2.97,2.994,2.994,2.994,2.994,3.018,0.0139,-0.0811,0,58.12,109.3,160.4,152.1119,160.4,313.8,44.2956,3.3453,0.8023,396.1,593.2,987.6,886.3811,987.6,1382,244.3329,-1.1044,-0.0122,28.9,55.4,55.4,58.9835,55.4,81.91,15.5089,-0.3059,-0.0112,3.951,3.975,3.975,3.9729,3.975,3.975,0.0054,6.3132,-2.6433,10.69,10.69,11.15,11.61,12.53,13.45,1.1142,-1.3148,0.6334,1.8057,1.8205,1.8236,1.8248,1.8284,1.8479,0.0087,0.6525,0.428,0.813,1.8186,1.8273,1.746,1.8308,1.851,0.2811,6.8467,-2.9406,8.346,14.71,21.06,26.0129,33.78,46.51,14.495,-1.7232,0.2989,44.84,59.1575,63.93,59.1575,63.93,63.93,9.545,-1.6875,-0.75,1.026,1.026,1.026,1.6233,2.1923,2.69,0.7091,-1.7504,0.3759,2.752,2.78,2.808,2.8322,2.8765,2.946,0.0683,-1.1217,0.713,1.026,1.026,1.026,1.6693,2.263,2.689,0.7176,-1.8458,0.2558,2.983,2.983,2.998,2.9944,2.998,3.013,0.0109,-1.1262,0.358,21.7138,24.7329,51.44,126.1903,1.8473,124.2789
"Morrocoy","Bajo Caiman","Continental","West",0,0,0,76.6666666666667,0,0,23.3333333333333,0,0,10.851,-68.069,41.366,7.347,22.891,0.077,41.49,7.63,23.713,0.016,999,17.026,0.21,39.31,6.509,28.581,4.075,39.976,6.998,40.036,999,28.832,4.133,41.177,7.104,999,999,30.968,4.982,999,999,40.829,6.809,22,2.722,0,3.981,3.981,5.7804,7.943,31.62,4.6703,10.588,2.6531,7.943,15.85,15.85,22.2498,31.62,63.1,14.0285,2.7885,1.8369,3.2,7.9,10.25,9.6065,12.6,17.3,3.5807,-0.8087,-0.0235,0.25,0.75,1,1.0863,1.25,2.5,0.4189,0.6009,0.6081,13.7072,19.4144,24.1704,31.4083,28.4508,122.4232,22.3148,5.5304,2.3838,5.9768,15.7448,20.5748,38.4398,42.446,192.5136,43.8698,5.2812,2.3191,0,0,0,0.1797,0,2.6468,0.5516,8.183,2.9943,3.981,7.943,15.85,14.828,15.85,63.1,9.523,6.8626,2.1755,37.8325,46.0825,50.2079,50.0023,54.3354,57.775,5.6118,-1.237,-0.2131,0.3,0.45,0.45,0.4885,0.6,1.05,0.1566,2.1917,1.114,21.71,21.71,27.14,24.7312,27.14,27.14,2.7079,-1.9642,-0.2245,21.71,21.71,21.71,23.7786,27.14,27.14,2.6474,-1.7792,0.4845,2.512,3.981,6.31,6.0712,6.31,15.85,3.0644,1.9411,1.4271,1.0081,1.0103,1.0105,1.0108,1.0121,1.0135,0.0013,-0.1988,-0.1586,20.6804,36.48,36.48,45.6863,54.0385,69.84,16.5454,-0.8273,0.4014,2.9775,2.987,2.987,2.9934,3.006,3.006,0.011,-1.315,0.0501,2.4797,3.6578,4.4324,4.5224,5.2565,6.384,1.1044,-1.0818,-0.1522,3.3003,3.7569,4.7717,4.5393,4.886,6.7007,0.8727,-0.42,0.1811,2.97,2.994,2.994,2.996,2.994,3.018,0.0129,0.1041,0.1644,31.2048,55.447,79.6513,91.0042,106.5665,206.1646,39.5263,1.2305,0.7787,188.5373,281.8968,468.7104,457.2267,572.4799,863.0867,171.5954,-0.4559,0.5778,42.8479,69.3531,69.3531,75.5714,83.2957,109.8005,18.759,-0.4064,0.1315,3.951,3.975,3.975,3.9729,3.975,3.975,0.0054,6.3132,-2.6433,10.69,10.69,11.61,11.6713,12.3,13.45,0.9336,-0.7415,0.6384,1.8057,1.8205,1.8236,1.8248,1.8284,1.8479,0.0087,0.6525,0.428,0.813,1.8186,1.8273,1.746,1.8308,1.851,0.2811,6.8467,-2.9406,8.346,13.9564,18.0522,18.1647,21.3997,31.4474,6.9706,-0.9726,0.0184,51.428,63.7483,69.9333,70.1029,78.8572,88.3676,15.5175,-1.3181,-0.2296,1.026,1.065,1.4869,1.6846,2.1585,2.6738,0.6663,-1.4706,0.1979,2.752,2.78,2.7947,2.8386,2.9246,2.946,0.0727,-1.4913,0.5021,1.026,1.026,1.026,1.4334,1.6894,2.6095,0.6384,-0.8568,0.928,2.983,2.983,2.9909,2.9884,2.9909,2.9988,0.0058,-1.0698,0.5289,36.01,0,36.01,270,36.01,0
"Morrocoy","Sombrero","Continental","West",0,0.277777777777778,2.3015873015873,90.8103549090718,0,0,5.53885144013455,0.357142857142857,0.714285714285715,10.889,-68.215,48.26,999,7.145,999,50.465,999,7.584,999,999,1.224,999,40.88,999,16.225,999,44.833,999,26.059,999,16.825,999,46.173,999,999,999,22.99,999,999,999,44.41,999,9.422,999,0.8694,5.2759,7.943,8.5102,11.3888,31.62,6.5369,3.1524,1.5706,11.3888,22.7224,31.62,32.9936,45.3386,63.1,15.9317,0.0504,0.8065,1.5723,6.8759,9.2259,9.0773,11.8319,14.95,3.0924,-0.115,-0.1232,0.5,0.75,1,1.0936,1.3911,2,0.4033,-0.7709,0.2918,23.7298,30.7783,51.5306,60.8322,76.8073,214.3441,40.5819,4.2286,1.8668,24.0691,61.4314,81.6483,86.5413,100.5928,172.902,40.4242,0.3542,0.7174,0,0,0,0.1985,0,1.68,0.5013,2.6187,1.9266,18.2611,22.7224,22.7224,30.0872,45.3386,63.1,13.7854,1.3458,1.2377,35.0825,44.7075,48.8325,49.2248,54.3354,57.775,5.7459,-0.9371,-0.3124,0.15,0.3654,0.45,0.4312,0.5154,0.6,0.1475,-0.8665,-0.4752,21.71,21.71,27.14,25.0595,27.14,27.14,2.6474,-1.7782,-0.4766,21.71,21.71,21.71,24.0516,27.14,27.14,2.6985,-1.934,0.2749,4.9959,6.604,9.1927,10.2206,12.5494,21.0803,4.3761,1.0638,0.8139,1.009,1.0108,1.011,1.0113,1.013,1.014,0.0014,-1.125,0.0655,36.48,36.48,36.48,49.1027,69.84,69.84,16.4022,-1.8152,0.4814,2.987,2.987,2.987,2.9942,3.006,3.006,0.0093,-1.8152,0.4814,3.086,5.3242,5.644,5.9233,6.922,8.201,1.2035,-0.8107,-0.426,4.214,4.214,6.142,5.5798,6.142,8.071,1.0656,-0.9551,0.0203,2.97,2.994,2.994,2.9979,2.994,3.018,0.012,0.2708,0.3123,6.983,6.983,6.983,36.0114,58.12,109.3,35.2342,-0.6728,0.7574,1.745,1.745,1.745,71.0169,198.9,396.1,106.1366,0.1278,1.1088,55.4,81.91,81.91,90.4995,108.4,134.9,21.6839,-0.4968,0.26,3.951,3.975,3.975,3.9729,3.975,3.975,0.0054,6.3132,-2.6433,10.69,10.69,11.61,11.6597,12.53,13.45,0.8927,-0.6528,0.6065,1.8057,1.8205,1.8236,1.8248,1.8284,1.8479,0.0087,0.6525,0.428,0.813,1.8186,1.8273,1.746,1.8308,1.851,0.2811,6.8467,-2.9406,8.346,14.71,21.06,22.6995,27.42,46.51,10.6117,-0.5187,0.6363,44.84,63.93,63.93,73.2154,83.02,121.2,18.3419,-0.2217,0.7682,1.026,1.026,2.216,1.9336,2.5,2.88,0.7078,-1.6291,-0.3475,2.752,2.78,2.808,2.836,2.89,2.946,0.0647,-1.0914,0.6532,1.026,1.026,2.216,1.9359,2.5,2.879,0.7095,-1.6334,-0.3499,2.983,2.983,2.998,2.9948,2.998,3.013,0.0113,-1.209,0.3532,27.061,20.9008,51.4726,198.3522,8.7991,89.2096
"Los Frailes","Puerto Real","Insular","East",0,0,0.416666666666668,81.4556277056277,0,0,18.1277056277057,0,0,11.188,-63.73,40.138,999,22.209,999,51.112,999,28.024,999,999,18.881,999,999,999,15.486,999,50.849,999,35.893,999,14.876,999,999,999,61.216,999,29.3,999,87.41,999,96.641,999,999,999,0,3.981,7.943,17.8069,31.62,125.9,21.794,8.6315,2.6004,15.85,31.62,63.1,61.4782,63.1,251.2,48.5244,6.7396,2.501,-1.5,3.2,7.9,6.791,10.25,14.95,3.9145,-0.808,-0.1433,0.25,0.5,0.75,0.8848,1.25,2.5,0.4112,1.1919,0.7038,22.268,84.6552,114.8696,264.1439,201.26,2993.8182,459.7456,16.3008,3.8521,5,15.2564,17.21,35.7464,40.7636,180.9272,39.8475,4.3042,2.1103,0,0,1.4599,1.5542,2.5703,5,1.4536,-0.2423,0.7011,7.943,15.85,31.62,25.0701,31.62,63.1,9.5029,2.0241,0.7777,27.5167,47.4575,52.9596,50.9336,57.0871,57.775,6.4248,0.8804,-1.0784,-1,0,0.15,0.0632,0.3,0.45,0.3387,4.7779,-2.3095,21.71,21.71,21.71,23.9793,27.14,27.14,2.6882,-1.9057,0.3292,21.71,21.71,21.71,22.6082,21.71,27.14,2.0252,1.1801,1.7807,3.981,10,15.85,17.5873,15.85,63.1,9.6987,6.1061,2.2167,1.009,1.011,1.013,1.012,1.013,1.014,0.0015,-1.2254,-0.3968,3.124,36.48,36.48,33.7756,36.48,69.84,12.1252,3.5321,-1.0257,2.967,2.987,2.987,2.9879,2.987,3.006,0.0112,-0.0473,-0.0783,4.365,5.3243,6.922,6.163,6.922,8.201,1.2518,-1.2086,-0.2452,4.214,5.178,6.6245,6.4639,8.071,9.036,1.5116,-1.4512,-0.1537,2.97,2.994,2.994,2.9921,2.994,3.018,0.0131,0.1653,-0.0602,6.983,6.983,6.983,6.983,6.983,6.983,0,NA,NA,1.745,1.745,1.745,1.745,1.745,1.745,0,NA,NA,28.9,55.4,55.4,65.4308,81.91,108.4,16.9391,-0.3063,0.1351,3.954,3.971,3.975,3.9721,3.975,3.975,0.0055,1.9215,-1.7063,8.853,9.773,10.69,10.1772,10.69,10.69,0.6054,-0.6301,-0.7156,0.799,1.8143,1.8236,1.7956,1.8301,1.842,0.1687,29.9373,-5.5685,0.813,1.814,1.8196,1.6038,1.8234,1.8327,0.4211,-0.2543,-1.3227,1.987,8.346,8.346,9.0566,8.346,21.06,4.1856,0.792,0.5679,39.6627,44.84,44.84,59.5847,77.8427,102.1,20.5603,-0.8234,0.6996,1.026,1.323,1.7389,1.8431,2.4482,2.88,0.723,-1.4763,-0.0592,2.752,2.8004,2.8554,2.8544,2.9104,2.946,0.0621,-1.3567,0.0936,1.026,1.323,1.7386,1.831,2.3957,2.879,0.7056,-1.4423,-0.061,2.9789,2.983,2.998,2.9919,2.998,2.998,0.0078,-1.4583,-0.5691,52.2125,7.715,56.07,255,40.64,90.3696
"Los Frailes","La Pecha","Insular","East",0,0,0,25,0,0,0,0,0,11.202,-63.753,39.812,999,23.112,999,51.806,999,26.553,999,999,19.453,999,999,999,13.905,999,50.242,999,34.58,999,13.306,999,999,999,59.161,999,27.775,999,86.806,999,96.802,999,999,999,0,7.943,7.943,14.4703,15.85,86.1142,14.7098,7.7498,2.382,21.6292,31.62,63.1,76.2208,63.1,409.5829,74.6084,11.133,3.1325,-0.6388,5.55,7.9,7.0212,10.0347,14.95,3.4473,-0.4786,0.0929,0.25,0.5229,0.75,0.8715,1.0687,1.7749,0.372,-0.2574,0.3459,38.8792,84.6552,108.7001,315.6538,239.3023,5118.1497,694.7732,28.4854,5.0267,5.6188,11.1459,15.5173,35.1729,35.664,165.0948,45.2121,2.9414,2.0121,0,0.4618,1.4712,1.6645,2.5845,5,1.4467,-0.4776,0.5746,15.85,15.85,15.85,24.0392,31.62,63.1,11.6046,3.3265,1.7157,26.0041,46.0825,51.5838,50.7792,55.7113,57.775,6.3992,1.1129,-1.1037,-0.3665,0,0.15,0.1082,0.15,0.3,0.1759,2.3599,-0.9191,21.71,21.71,21.71,23.8673,27.14,27.14,2.6669,-1.8409,0.4152,21.71,21.71,21.71,22.543,21.71,27.14,1.9615,1.6803,1.9098,7.6623,10,15.85,18.8496,25.12,63.1,11.1823,5.2579,2.1297,1.009,1.011,1.013,1.012,1.013,1.014,0.0015,-1.2254,-0.3968,3.124,36.48,36.48,33.7756,36.48,69.84,12.1252,3.5321,-1.0257,2.967,2.987,2.987,2.9879,2.987,3.006,0.0112,-0.0473,-0.0783,4.365,5.3243,6.922,6.163,6.922,8.201,1.2518,-1.2086,-0.2452,4.214,5.178,6.6245,6.4639,8.071,9.036,1.5116,-1.4512,-0.1537,2.97,2.994,2.994,2.9921,2.994,3.018,0.0131,0.1653,-0.0602,6.983,6.983,6.983,6.983,6.983,6.983,0,NA,NA,1.745,1.745,1.745,1.745,1.745,1.745,0,NA,NA,28.9,55.4,55.4,65.4308,81.91,108.4,16.9391,-0.3063,0.1351,3.954,3.971,3.975,3.9721,3.975,3.975,0.0055,1.9215,-1.7063,8.853,9.773,10.69,10.2189,10.69,10.69,0.5973,-0.4537,-0.8373,0.799,1.8143,1.8236,1.7956,1.8301,1.842,0.1687,29.9373,-5.5685,0.813,1.814,1.8196,1.6038,1.8234,1.8327,0.4211,-0.2543,-1.3227,1.987,8.346,8.346,9.2553,8.346,21.06,4.123,0.6382,0.5006,25.75,44.84,44.84,53.6108,63.93,102.1,15.9676,0.8312,0.9552,1.026,2.121,2.311,2.1854,2.69,2.88,0.629,-0.514,-0.8797,2.752,2.78,2.835,2.8449,2.89,2.946,0.0622,-1.298,0.2692,1.026,2.121,2.31,2.1775,2.689,2.879,0.6242,-0.5064,-0.8833,2.968,2.983,2.998,2.9899,2.998,2.998,0.0091,-0.7027,-0.5812,51.049,15.6442,72.7718,233.1355,29.6705,58.9824
"Los Frailes","Cominoto","Insular","East",0,0,0,100,0,0,0,0,0,11.215,-63.768,40.077,999,24.307,999,52.76,999,25.979,999,999,19.937,999,999,999,13.247,999,50.266,999,34.095,999,12.83,999,999,999,57.986,999,27.147,999,86.787,999,97.339,999,999,999,0,7.943,7.943,17.2004,15.85,125.9,19.3651,13.5882,3.2455,31.62,31.62,63.1,74.6781,63.1,251.2,61.0222,3.5854,2.1663,0.85,5.55,7.9,7.0847,9.6625,14.95,3.1493,-0.6493,0.184,0.25,0.5625,0.75,0.9133,1.1875,2.25,0.4279,0.7559,0.895,54.4408,84.6552,111.0928,278.7533,201.26,3594.9091,493.2214,23.5927,4.4942,5,10.3724,14.2796,28.367,23.9396,157.7544,39.3881,4.9389,2.4911,0,1.26,1.8771,2.0254,2.9001,5,1.3567,-0.7325,0.25,15.85,15.85,15.85,25.4039,31.62,63.1,12.3222,2.5219,1.5495,23.3892,46.0825,51.5838,50.7753,55.7113,57.775,6.4644,1.8249,-1.2349,-1,0,0.15,0.0718,0.15,0.3,0.2752,8.8909,-2.9073,21.71,21.71,21.71,23.8418,27.14,27.14,2.6615,-1.8241,0.435,21.71,21.71,21.71,22.642,21.71,27.14,2.0552,0.9733,1.7222,10,10,15.85,19.2071,25.12,63.1,10.7089,5.1035,2.0092,1.009,1.011,1.013,1.012,1.013,1.014,0.0015,-1.2254,-0.3968,3.124,36.48,36.48,33.7756,36.48,69.84,12.1252,3.5321,-1.0257,2.967,2.987,2.987,2.9879,2.987,3.006,0.0112,-0.0473,-0.0783,4.365,5.3243,6.922,6.163,6.922,8.201,1.2518,-1.2086,-0.2452,4.214,5.178,6.6245,6.4639,8.071,9.036,1.5116,-1.4512,-0.1537,2.97,2.994,2.994,2.9921,2.994,3.018,0.0131,0.1653,-0.0602,6.983,6.983,6.983,6.983,6.983,6.983,0,NA,NA,1.745,1.745,1.745,1.745,1.745,1.745,0,NA,NA,28.9,55.4,55.4,65.4308,81.91,108.4,16.9391,-0.3063,0.1351,3.954,3.971,3.975,3.9721,3.975,3.975,0.0055,1.9215,-1.7063,8.853,9.773,10.69,10.2189,10.69,10.69,0.5973,-0.4537,-0.8373,0.799,1.8143,1.8236,1.7956,1.8301,1.842,0.1687,29.9373,-5.5685,0.813,1.814,1.8196,1.6038,1.8234,1.8327,0.4211,-0.2543,-1.3227,1.987,8.346,8.346,9.2553,8.346,21.06,4.123,0.6382,0.5006,25.75,44.84,44.84,53.6108,63.93,102.1,15.9676,0.8312,0.9552,1.026,2.121,2.311,2.1854,2.69,2.88,0.629,-0.514,-0.8797,2.752,2.78,2.835,2.8449,2.89,2.946,0.0622,-1.298,0.2692,1.026,2.121,2.31,2.1775,2.689,2.879,0.6242,-0.5064,-0.8833,2.968,2.983,2.998,2.9899,2.998,2.998,0.0091,-0.7027,-0.5812,72.02,0,72.02,300,72.02,0
"Los Roques","Las Salinas","Insular","West",0,0,0,97.0693779904306,0,0,2.93062200956938,0,0,11.74,-66.807,27.248,999,26.963,999,999,999,999,999,999,14.777,999,999,999,27.047,999,999,999,999,999,999,999,999,999,999,999,999,999,999,999,999,999,999,999,0,3.981,6.2383,5.5805,7.943,7.943,2.5376,-1.1994,-0.4295,7.943,7.943,15.85,16.2046,15.85,31.62,7.691,0.0041,0.9644,0.85,5.55,7.9,7.6674,10.25,12.6,2.9647,-0.3742,-0.2685,0.25,0.75,1,1.0932,1.25,2.5,0.4318,0.5986,0.548,13.7072,19.4144,24.1704,26.3097,29.8776,61.9944,10.1757,2.3627,1.5074,5,7.9304,9.8159,10.6379,12.0477,21.5532,4.4716,0.2184,0.8354,0,0,0,0.0364,0,1.0766,0.1917,28.1919,5.2975,7.943,15.85,15.85,15.2968,15.85,15.85,2.0335,9.0069,-3.2906,30.2683,46.0825,51.5838,49.8121,54.3354,57.775,6.2246,-0.1426,-0.7643,-1,0.4286,0.6,0.5341,0.75,1.05,0.3729,6.2493,-2.1025,21.71,21.71,27.14,25.0417,27.14,27.14,2.6539,-1.8004,-0.4613,21.71,21.71,27.14,24.5091,27.14,27.14,2.7238,-2.0109,-0.0613,3.981,3.981,6.31,5.7452,6.31,15.85,2.2284,5.421,1.9624,1.009,1.0108,1.011,1.0116,1.013,1.014,0.0015,-1.3532,-0.1341,3.124,36.48,36.48,34.6771,36.48,69.84,10.9677,5.4102,-1.036,2.967,2.987,2.987,2.9941,3.006,3.006,0.0114,-0.6922,-0.3657,5.644,6.922,6.922,7.3618,8.201,9.48,1.0068,-0.8385,-0.263,5.178,6.142,7.107,6.9996,7.348,9.036,0.9721,-0.4645,0.0516,2.994,3.018,3.018,3.0264,3.042,3.042,0.0152,-0.7952,-0.4065,6.983,6.983,6.983,6.983,6.983,6.983,0,NA,NA,1.745,1.745,1.745,1.745,1.745,1.745,0,NA,NA,55.4,55.4,55.4,67.5792,81.91,108.4,16.0432,-0.3132,0.8807,2.948,3.975,3.975,3.9468,3.975,3.975,0.1688,30.1532,-5.5975,9.773,10.69,10.69,10.9972,11.61,12.53,0.9052,-1.0306,0.4292,1.8023,1.8133,1.8227,1.8217,1.8293,1.8497,0.0105,-0.3201,0.3019,0.813,0.813,1.814,1.4395,1.821,1.8374,0.4956,-1.8151,-0.481,1.987,1.987,8.346,6.5299,8.346,14.71,4.6197,-1.1847,0.4116,63.93,83.02,121.2,112.294,130.75,178.5,30.5056,-0.728,0.3366,1.026,1.026,2.1685,1.9608,2.5,2.88,0.7274,-1.6126,-0.3184,2.78,2.808,2.835,2.8555,2.918,2.946,0.0619,-1.407,0.4312,1.026,1.026,2.121,1.8783,2.5,2.879,0.7548,-1.7872,-0.1082,2.983,2.983,2.998,2.994,2.998,3.013,0.0106,-1.0331,0.3973,17.75,18.5545,30.87,285,4.63,21.2132
"Los Roques","Cote","Insular","West",7.5013638843426,0,3.19148936170212,87.4565505416569,0,0,1.85059621229834,0,0,11.773,-66.721,19.956,999,19.911,999,999,999,999,999,999,9.102,999,999,999,19.958,999,999,999,999,999,999,999,999,999,999,999,999,999,999,999,999,999,999,999,2.661,11.516,13.0599,12.2157,15.7394,16.0519,5.4284,-1.2139,-0.5152,30.1468,33.8927,37.7031,39.1639,43.7658,59.2326,9.8116,0.3929,0.8711,10.25,10.25,10.25,10.25,10.25,10.25,2.4981,-0.2052,-0.3663,0.75,0.75,0.75,0.75,0.75,0.75,0.4127,-0.2971,0.3941,231.284,231.284,231.284,231.284,231.284,231.284,28.2093,1.7548,1.3074,449.1454,505.0644,693.5153,629.4541,742.458,763.9512,137.4241,-0.4683,0.5697,0.4657,0.5632,0.577,0.6763,0.6614,1.8093,0.3309,19.893,3.905,105.8677,110.5916,110.5916,110.1638,110.5916,110.5916,1.3453,7.0318,-2.9225,28.2401,44.7075,48.8325,47.8207,52.9596,57.0871,6.0293,-0.138,-0.6648,-0.1135,0.4307,0.6802,0.6385,0.8401,1.0896,0.3691,0.6979,-0.7344,21.71,24.2849,27.14,25.6953,27.14,27.14,2.4052,-0.8872,-1.0512,21.71,21.71,27.14,24.6342,27.14,27.14,2.7166,-1.9899,-0.1529,25.12,25.12,25.12,25.12,25.12,25.12,3.4764,11.1208,2.9378,1.009,1.0108,1.0111,1.0116,1.013,1.014,0.0015,-1.3504,-0.1422,4.282,36.48,36.48,34.771,36.48,69.84,10.7774,6.2694,-0.8057,2.9677,2.987,2.987,2.9942,3.006,3.006,0.0114,-0.7394,-0.3512,5.644,6.922,6.9664,7.3757,8.201,9.48,1.0068,-0.828,-0.258,5.245,6.2006,7.1405,7.0331,7.3731,9.036,0.9592,-0.4673,0.0521,2.994,3.018,3.018,3.0264,3.042,3.042,0.0152,-0.7952,-0.4065,6.983,6.983,6.983,6.983,6.983,6.983,0,NA,NA,1.745,1.745,1.745,1.745,1.745,1.745,0,NA,NA,55.4,55.4,55.4,67.6538,81.91,108.4,16.0839,-0.3225,0.8759,2.948,3.975,3.975,3.94678378378378,3.975,3.975,0.168768766056982,30.1531954543878,-5.5975471598407,8.853,10.69,11.61,11.1083,11.61,12.53,0.8301,-0.0425,-0.7541,1.80234782608696,1.81334782608696,1.82273913043478,1.82173645977994,1.82926086956522,1.84972727272727,0.0104723525097942,-0.320074836273949,0.301875187826129,0.813,0.813,1.81404347826087,1.4394982373678,1.821,1.83739130434783,0.495556535140584,-1.81506315091308,-0.48103117935697,1.987,1.987,1.987,5.1285,6.0851,18.8023,4.5119,1.1077,1.3475,63.93,83.02,108.891,102.3783,121.2,178.5,30.6989,-0.3643,0.5472,1.026,1.026,2.216,2.0312,2.69,2.88,0.7077,-1.4141,-0.4871,2.78,2.808,2.8546,2.8615,2.928,2.946,0.0632,-1.5303,0.1817,1.026,1.026,2.216,2.0022,2.689,2.879,0.7247,-1.5235,-0.3996,2.983,2.983,2.998,2.9941,2.998,3.013,0.0106,-1.0161,0.393,42.6967,7.9179,51.44,263.3333,36.01,11.547
"Los Roques","Dos Mosquises","Insular","West",22.8246753246753,0,0.357142857142857,75.0953175265102,1.13636363636364,0,0.229357798165138,0.357142857142857,0,11.793,-66.896,29.808,999,29.254,999,999,999,999,999,999,18.633,999,999,999,29.374,999,999,999,999,999,999,999,999,999,999,999,999,999,999,999,999,999,999,999,0.6808,5.3331,10.6415,10.5757,13.3324,21.2319,6.4048,-0.5476,0.5055,7.943,10.6415,15.85,21.1338,31.62,42.3634,12.5101,-1.0821,0.5602,0.048,4.748,7.098,6.7935,9.448,13.346,3.5394,-0.663,-0.2178,0.25,0.75,1,1.0825,1.4147,2.0853,0.4642,-0.7482,0.3559,14.3564,35.8257,61.4612,77.406,114.7932,242.2459,54.2775,8.9788,2.1749,12.612,193.7508,365.9142,454.3088,561.5042,1533.8393,423.9093,1.3583,1.4066,0,0,0.352,0.4096,0.465,1.6914,0.5925,0.4165,1.2744,10.6415,21.2319,21.2319,45.9168,53.0795,168.6619,42.9408,7.7958,2.3717,33.0033,44.7075,50.2079,49.1776,53.8659,57.5402,5.996,-0.4996,-0.6164,-0.6075,0.4911,0.7536,0.6681,0.942,1.1524,0.3893,4.6362,-1.7168,21.71,21.71,27.14,25.521,27.14,27.14,2.493,-1.2462,-0.8729,21.71,21.71,23.5631,24.4684,27.14,27.14,2.7193,-1.9977,-0.032,3.981,6.0351,9.5658,10.357,15.1601,25.12,5.3502,2.8171,1.3007,1.009,1.011,1.012,1.0117,1.013,1.014,0.0015,-1.2883,-0.3241,36.48,36.48,36.48,37.3816,36.48,69.84,5.4844,30.16,5.5985,2.987,2.987,2.987,2.9962,3.006,3.006,0.0096,-2.0506,0.0519,5.644,6.922,8.201,8.0012,8.201,9.48,1.0328,-0.2542,-0.4385,6.142,7.107,8.071,7.6961,8.071,9.036,0.7022,-0.3428,-0.1606,2.994,3.018,3.042,3.0297,3.042,3.066,0.0156,-0.4131,-0.2459,6.983,6.983,6.983,6.983,6.983,6.983,0,NA,NA,1.745,1.745,1.745,1.745,1.745,1.745,0,NA,NA,55.4,55.4,55.4,69.0116,81.91,108.4,17.2465,-0.464,0.8338,2.948,3.975,3.975,3.9468,3.975,3.975,0.1688,30.1532,-5.5975,9.773,10.69,12.53,11.7346,12.53,12.53,0.9732,-1.0976,-0.6699,1.8023,1.8133,1.8227,1.8217,1.8293,1.8497,0.0105,-0.3201,0.3019,0.813,0.813,1.814,1.4395,1.821,1.8374,0.4956,-1.8151,-0.481,1.987,1.987,1.987,1.987,1.987,1.987,0,4.7286,2.1127,83.02,116.425,121.2,123.59,140.3,178.5,25.0208,-0.3187,0.2872,1.026,1.026,2.311,2.0414,2.69,2.88,0.7118,-1.4072,-0.5086,2.78,2.808,2.835,2.8655,2.946,2.946,0.0718,-1.9196,0.0921,1.026,1.026,2.216,1.8151,2.5,2.879,0.7941,-1.9057,0.0656,2.983,2.983,2.998,2.9957,2.998,3.013,0.0107,-1.0876,0.2093,25.0414,15.8235,40.4859,241.1503,11.6969,30.4138
"Los Roques","Cayo de Agua","Insular","West",35.1816500326714,0,0,59.2053274329155,0,0,0.98310291858679,4.09228520722414,0.53763440860215,11.817,-66.94,32.598,999,31.96,12.982,999,999,999,999,999,22.534,999,999,999,32.089,12.989,999,999,999,999,999,999,999,999,999,999,999,13.498,999,999,999,999,999,999,0,3.981,7.943,7.7735,7.943,15.85,4.4432,-0.2891,0.4252,7.943,15.85,15.85,17.9215,15.85,31.62,7.8202,-0.5962,0.7918,0.85,3.2,5.55,6.6845,10.25,14.95,3.6955,-0.7513,0.2701,0.25,0.75,1,1.0172,1.25,2,0.4626,-0.9241,0.2295,15.6096,21.3168,31.78,36.2427,46.8872,77.1016,16.1641,-0.2543,0.7885,8.9072,15.7448,50.858,282.2231,363.62,2000,460.2898,7.2762,2.6616,0,0,0,0.2367,0,1.7454,0.5699,1.5467,1.771,7.943,15.85,23.735,27.0111,31.62,63.1,16.2471,0.2963,1.1087,31.6442,44.7075,51.5837,49.5763,54.3354,57.775,5.947,-0.3907,-0.6717,0.15,0.6,0.6,0.68,0.75,1.35,0.2651,0.927,0.5283,21.71,21.71,27.14,25.357,27.14,27.14,2.5596,-1.4885,-0.7228,21.71,21.71,27.14,24.5658,27.14,27.14,2.7214,-2.0041,-0.1027,3.981,3.981,6.31,6.8319,10,15.85,2.9531,1.0751,1.1454,1.009,1.011,1.012,1.0117,1.013,1.014,0.0015,-1.2883,-0.3241,36.48,36.48,36.48,37.3816,36.48,69.84,5.4844,30.16,5.5985,2.987,2.987,2.987,2.9962,3.006,3.006,0.0096,-2.0506,0.0519,5.644,6.922,8.201,8.0012,8.201,9.48,1.0328,-0.2542,-0.4385,6.142,7.107,8.071,7.6961,8.071,9.036,0.7022,-0.3428,-0.1606,2.994,3.018,3.042,3.0297,3.042,3.066,0.0156,-0.4131,-0.2459,6.983,6.983,6.983,6.983,6.983,6.983,0,NA,NA,1.745,1.745,1.745,1.745,1.745,1.745,0,NA,NA,55.4,55.4,55.4,69.0116,81.91,108.4,17.2465,-0.464,0.8338,2.948,3.975,3.975,3.9468,3.975,3.975,0.1688,30.1532,-5.5975,9.773,10.69,12.53,11.7346,12.53,12.53,0.9732,-1.0976,-0.6699,1.8023,1.8133,1.8227,1.8217,1.8293,1.8497,0.0105,-0.3201,0.3019,0.813,0.813,1.814,1.4395,1.821,1.8374,0.4956,-1.8151,-0.481,1.987,1.987,1.987,3.9856,1.987,21.06,4.2994,5.4307,2.3344,83.02,102.1,121.2,122.7503,140.3,178.5,23.9795,-0.1871,0.5081,1.026,1.026,2.311,2.0414,2.69,2.88,0.7118,-1.4072,-0.5086,2.78,2.808,2.863,2.8659,2.918,2.946,0.0574,-1.3879,0.0662,1.026,1.026,2.216,1.9717,2.594,2.879,0.736,-1.6379,-0.3605,2.983,2.983,2.998,2.9964,2.998,3.013,0.0105,-1.0119,0.1383,12.6,4.0022,15.43,320,9.77,56.5685
"Los Roques","La Venada","Insular","West",97.9836137417408,0,0,0.839345172031078,0,0,1.17704108622818,0,0,11.879,-66.724,9.401,999,9.069,999,999,999,999,999,999,3.14,999,999,999,9.158,999,999,999,999,999,999,999,999,999,999,999,999,999,999,999,999,999,999,999,7.943,7.943,7.943,7.943,7.943,7.943,5.4868,0.0275,0.2815,31.62,31.62,31.62,31.62,31.62,31.62,11.1356,1.9229,1.311,7.9,7.9,7.9,7.9,7.9,7.9,2.7135,-2.3333,-0.3849,0.25,0.25,0.25,0.25,0.25,0.25,0.5774,-2.3333,-0.3849,61.9944,61.9944,61.9944,61.9944,61.9944,61.9944,32.9254,-2.3333,-0.3622,50.858,104.3062,157.7544,125.9844,163.5476,169.3408,65.3188,-2.3333,-0.3713,0,0,0,0,0,0,0,4.9826,2.0325,31.62,31.62,31.62,31.62,31.62,31.62,6.6192,4.3654,0.5934,28.6368,44.0788,48.8245,47.8276,52.3305,57.2656,5.875,0.137,-0.7241,0.9,0.9,0.9,0.9,0.9,0.9,1.3435,-2.75,0,21.71,21.71,27.14,25.3294,27.14,27.14,2.5667,-1.5087,-0.701,20.2071,21.71,22.9354,24.2975,27.14,27.14,2.7417,-1.8996,0.048,10,10,10,10,10,10,8.7295,-2.3333,-0.3849,1.009,1.011,1.013,1.0118,1.013,1.014,0.0015,-1.2716,-0.3676,36.48,36.48,36.48,37.3816,36.48,69.84,5.4844,30.16,5.5985,2.987,2.987,2.987,2.9962,3.006,3.006,0.0096,-2.0506,0.0519,5.644,6.922,8.201,7.7614,8.201,9.48,1.0069,-0.534,-0.1198,7.107,7.83,8.071,7.964,8.071,9.036,0.6002,-0.5466,0.0669,2.994,3.018,3.018,3.0264,3.042,3.042,0.0152,-0.7952,-0.4065,6.983,6.983,6.983,6.983,6.983,6.983,0,NA,NA,1.745,1.745,1.745,1.745,1.745,1.745,0,NA,NA,55.4,55.4,55.4,69.7281,81.91,108.4,17.216,-0.5815,0.7414,2.948,3.975,3.975,3.9468,3.975,3.975,0.1688,30.1532,-5.5975,8.853,10.69,11.61,11.1381,11.61,12.53,0.8562,-0.1235,-0.6619,1.8023,1.8133,1.8227,1.8217,1.8293,1.8497,0.0105,-0.3201,0.3019,0.813,0.813,1.814,1.4395,1.821,1.8374,0.4956,-1.8151,-0.481,1.987,1.987,1.987,3.9858,5.1665,14.71,3.706,1.4528,1.5938,63.93,102.1,102.1,115.0092,121.2,178.5,27.026,-0.3861,0.3385,1.026,1.026,2.216,2.0312,2.69,2.88,0.7077,-1.4141,-0.4871,2.78,2.808,2.863,2.8659,2.918,2.946,0.0574,-1.3879,0.0662,1.026,1.026,2.216,1.964,2.689,2.879,0.7352,-1.6384,-0.327,2.983,2.983,2.998,2.9964,2.998,3.013,0.0105,-1.0119,0.1383,48.615,3.9952,51.44,290,45.79,14.1421
"Los Roques","Rabuski","Insular","West",0,1.29048582995951,0,97.5086636763236,0,0,1.20085049371684,0,0,11.882,-66.689,7.345,999,7.332,999,999,999,999,999,999,6.049,999,999,999,7.37,999,999,999,999,999,999,999,999,999,999,999,999,999,999,999,999,999,999,999,7.943,7.943,7.943,7.943,7.943,7.943,6.8526,-2.3333,-0.3849,31.62,31.62,31.62,31.62,31.62,31.62,18.175,-2.3333,0.3849,7.9,10.25,12.6,11.0333,12.6,12.6,2.7135,-2.3333,-0.3849,0.25,0.75,1.25,0.9167,1.25,1.25,0.5774,-2.3333,-0.3849,61.9944,88.432,114.8696,99.7624,118.6464,122.4232,32.9254,-2.3333,-0.3622,50.858,50.858,157.7544,165.4381,204.1,363.62,129.5058,-1.6565,0.445,0,0,0,0,0,0,0,-1.6875,0.75,31.62,31.62,31.62,31.62,31.62,31.62,0,4.9511,0.5356,28.4849,43.8163,48.4253,47.5244,52.552,56.9216,5.9584,-0.0075,-0.7118,-1,-0.525,-0.05,-0.05,0.425,0.9,1.3435,-2.75,0,21.71,21.71,27.14,25.2299,27.14,27.14,2.6028,-1.6348,-0.6138,18.1972,21.71,21.71,24.17,27.14,27.14,2.7648,-1.7481,0.0809,10,17.56,25.12,20.08,25.12,25.12,8.7295,-2.3333,-0.3849,1.009,1.011,1.013,1.0118,1.013,1.014,0.0015,-1.2716,-0.3676,36.48,36.48,36.48,37.3816,36.48,69.84,5.4844,30.16,5.5985,2.987,2.987,2.987,2.9962,3.006,3.006,0.0096,-2.0506,0.0519,5.644,6.922,8.201,7.7614,8.201,9.48,1.0069,-0.534,-0.1198,7.107,7.83,8.071,7.964,8.071,9.036,0.6002,-0.5466,0.0669,2.994,3.018,3.018,3.0264,3.042,3.042,0.0152,-0.7952,-0.4065,6.983,6.983,6.983,6.983,6.983,6.983,0,NA,NA,1.745,1.745,1.745,1.745,1.745,1.745,0,NA,NA,55.4,55.4,55.4,69.7281,81.91,108.4,17.216,-0.5815,0.7414,2.948,3.975,3.975,3.9468,3.975,3.975,0.1688,30.1532,-5.5975,8.853,10.69,11.61,11.1381,11.61,12.53,0.8562,-0.1235,-0.6619,1.8023,1.8133,1.8227,1.8217,1.8293,1.8497,0.0105,-0.3201,0.3019,0.813,0.813,1.814,1.4395,1.821,1.8374,0.4956,-1.8151,-0.481,1.987,1.987,1.987,3.9858,5.1665,14.71,3.706,1.4528,1.5938,63.93,102.1,102.1,115.0092,121.2,178.5,27.026,-0.3861,0.3385,1.026,1.026,2.216,2.0312,2.69,2.88,0.7077,-1.4141,-0.4871,2.78,2.808,2.863,2.8659,2.918,2.946,0.0574,-1.3879,0.0662,1.026,1.026,2.216,1.964,2.689,2.879,0.7352,-1.6384,-0.327,2.983,2.983,2.998,2.9964,2.998,3.013,0.0105,-1.0119,0.1383,34.3854,12.6178,49.1245,234.1698,22.148,30.504
"Los Roques","Madriski","Insular","West",0,0,10.9377650075324,83.1364670318159,0,1.25,1.92567567567567,0,2.750092284976,11.94,-66.661,1.234,999,2.018,999,999,999,999,999,999,1.229,999,999,999,1.899,999,999,999,999,999,999,999,999,999,999,999,999,999,999,999,999,999,999,999,7.943,11.8965,15.85,13.2143,15.85,15.85,4.5651,-2.3333,-0.3849,15.85,15.85,15.85,15.85,15.85,15.85,0,-0.091,0.8373,3.2,3.2,3.2,7.1167,9.075,14.95,6.7839,-2.3333,0.3849,0.25,0.75,1.25,1.1667,1.625,2,0.878,-2.3333,-0.0941,31.78,35.5568,39.3336,51.9229,61.9944,84.6552,28.5975,-2.3333,0.3549,12.326,186.992,543.08,431.8458,632.81,761.5727,309.5741,-1.9189,-0.3597,2.6468,2.6468,2.6468,2.6468,2.6468,2.6468,0.6458,5.1246,2.2713,15.85,23.735,31.62,36.8567,47.36,63.1,24.0563,-2.3333,0.2074,30.2683,44.7075,50.2079,49.1625,54.3354,57.775,6.4181,-0.3384,-0.6494,1.05,1.05,1.05,1.05,1.05,1.05,0,2.1947,-1.1487,21.71,21.71,27.14,25.5596,27.14,27.14,2.4758,-1.181,-0.9097,21.71,21.71,21.71,24.344,27.14,27.14,2.724,-2.0114,0.0591,6.31,8.155,10,10.72,12.925,15.85,4.8106,-2.3333,0.1463,1.009,1.011,1.013,1.0118,1.013,1.014,0.0015,-1.2716,-0.3676,36.48,36.48,36.48,37.3816,36.48,69.84,5.4844,30.16,5.5985,2.987,2.987,2.987,2.9962,3.006,3.006,0.0096,-2.0506,0.0519,5.644,6.922,8.201,7.7614,8.201,9.48,1.0069,-0.534,-0.1198,7.107,7.83,8.071,7.964,8.071,9.036,0.6002,-0.5466,0.0669,2.994,3.018,3.018,3.0264,3.042,3.042,0.0152,-0.7952,-0.4065,6.983,6.983,6.983,6.983,6.983,6.983,0,NA,NA,1.745,1.745,1.745,1.745,1.745,1.745,0,NA,NA,55.4,55.4,55.4,69.7281,81.91,108.4,17.216,-0.5815,0.7414,2.948,3.975,3.975,3.9468,3.975,3.975,0.1688,30.1532,-5.5975,8.853,10.69,11.61,11.1381,11.61,12.53,0.8562,-0.1235,-0.6619,1.8023,1.8133,1.8227,1.8217,1.8293,1.8497,0.0105,-0.3201,0.3019,0.813,0.813,1.814,1.4395,1.821,1.8374,0.4956,-1.8151,-0.481,1.987,1.987,1.987,3.9858,5.1665,14.71,3.706,1.4528,1.5938,63.93,102.1,102.1,115.0092,121.2,178.5,27.026,-0.3861,0.3385,1.026,1.026,2.216,2.0312,2.69,2.88,0.7077,-1.4141,-0.4871,2.78,2.808,2.863,2.8659,2.918,2.946,0.0574,-1.3879,0.0662,1.026,1.026,2.216,1.964,2.689,2.879,0.7352,-1.6384,-0.327,2.983,2.983,2.998,2.9964,2.998,3.013,0.0105,-1.0119,0.1383,23.8333,10.7964,36.01,176.6667,15.43,96.0902
